postDate,responding
2022-12-30T15:04:46.000Z,1 Oferta de Carreras2 Cantidad de Titulos Acreditados3 Convenios Internacionales4 Numero de Matriculados5 Indic de Innovacion6 Actualizacion de Malla Curricular7 Infraestructura8 Publicaciones de la Univ9 Oferta de Diplomados/Maestrias10 Trayectoria
2022-12-26T21:13:49.000Z,El 13 y 14 de diciembre se llev√≥ a cabo las XIII Jornadas de Innovaci√≥n Docente de la @una_py. Fue muy enriquecedor ver los distintos proyectos implementados y tratar de aportar de aportar mi granito de arena desde la @fceunaprensa.
2022-12-22T13:04:42.000Z,Cierre de a√±o compartiendo con colegas que formamos parte de la @RedReip #econom√≠a #innovaci√≥n
2022-12-21T01:45:24.000Z,"Hemos dise√±ado una campa√±a Pol√≠tica Digital, buscando darles una OPCI√ìN distinta a los compatriotas correligionarios, bajo 3 ejes bien definidos: INNOVACI√ìN, TECNOLOGIA Y EMPRENDIMIENTOS que no fue simplemente un slogan,"
2022-12-19T16:46:11.000Z,Nuevo integrante de la familia Mazzei!! Seguimos creyendo en la innovaci√≥n y no vamos a parar!
2022-12-17T01:40:36.000Z,"Proyectemos juntos, apostemos a la innovaci√≥n, tecnolog√≠a y emprendimientos de bases tecnol√≥gicas.  Vot√° a la lista 2 opci√≥n 15 que vamos a estar mejor.  En Central VAMOS A ESTAR MEJOR! "
2022-12-03T08:40:43.000Z,"Fue un honor formar parte del evento de presentaci√≥n del ""Mapeo de Inversiones ODS en Paraguay: Principales Resultados"", junto con @Haciendapy, @mreparaguay @itaipuparaguay. El mapeo es una herramienta indispensable para lograr m√°s innovaci√≥n y buscar m√°s financiaci√≥n sostenible."
2022-12-02T22:53:57.000Z,"#SimposioInternacional #CePeInnovaci√≥n, Prospectiva y Estudio de Futuro; 1, 2 y 3/dic.En el marco del #D√≠aMundialdelosFuturos #Unesco"
2022-12-02T16:12:57.000Z,"El d√≠a de ayer estuvimos recorriendo la #ciudad de #Itaugu√°, llevando los proyectos de INNOVACI√ìN, TECNOLOG√çA Y EMPRENDIMIENTO.Queremos ser parte de un futuro mejor, donde, innovemos la Pol√≠tica con proyectos concretos!"
2022-12-02T15:16:07.000Z,"#SimposioInternacional #CePeInnovaci√≥n, Prospectiva y Estudio de Futuro; 1, 2 y 3/dic.En el marco del #D√≠aMundialdelosFuturos #UNESCO"
2022-12-02T13:22:12.000Z,"Fue un honor formar parte del evento de presentaci√≥n del ""Mapeo de Inversiones ODS en Paraguay: Principales Resultados"", junto con @Haciendapy, @mreparaguay @itaipuparaguay. El mapeo es una herramienta indispensable para lograr m√°s innovaci√≥n y buscar m√°s financiaci√≥n sostenible."
2022-12-02T13:03:01.000Z," El futuro del Paraguay vamos a construir con la fuerza del trabajo de una generaci√≥n que siente y palpita un Paraguay del futuro con tecnolog√≠a, innovaci√≥n e inversiones.#PettengillSenador #Lista3  #Opci√≥n2 #FuerzaRepublicana #LaFuerzadelTrabajo #Atodam√°quina"
2022-11-30T04:14:56.000Z,"Nunca dejamos que elijan por nosotros; una lista de pel√≠culas que m√°s nos gustan, entonces: ¬øporqu√© vas a dejar que otros decidan por vos a qui√©n votar y determinar tu futuro?Vamos a trabajar en base a tres ejes: Innovaci√≥n, Tecnolog√≠a y emprendimiento."
2022-11-29T14:56:49.000Z,"Innovaci√≥n, ciencia y tecnolog√≠a para fortalecer la lucha contra las drogasLa @senad_paraguay recibi√≥ hoy este laboratorio m√≥vil donado por la embajada de @TW_Paraguay. Muchas gracias al Sr. Embajador @TWambPY por apoyarnos a dar este valioso paso hacia el futuro."
2022-11-24T13:14:16.000Z,"Lambare sum√°ndose al equipo de INNOVACI√ìN, TECNOLOG√çA y EMPRENDIMIENTOS de bases tecnol√≥gicas! "
2022-11-20T15:35:06.000Z,MAAAAAN CARTELES CON QR JJAJAJAJAJAJAJ #INNOVACI√ìN
2022-10-27T23:55:18.000Z,"Gesti√≥n de Proyectos -> Gesti√≥n de Calidad -> Gesti√≥n de la Innovaci√≥n El mundo de los negocios avanza, y las empresas deben adaptarse con el apoyo de espacios especializados que hoy, m√°s que nunca, est√°n disponibles en el pa√≠s @MIC_PY #MiPYMECOMPITE #UEenParaguay"
2022-10-24T19:19:40.000Z,La creatividad impulsando la innovaci√≥n y el crecimiento empresarial
2022-10-24T18:14:15.000Z,"Invitadosùë´ùíì. ùë¥ùíÇùíìùíäùíê ùë¥ùíÇùíìùíïùíäÃÅùíèùíÜùíõ, Director General, ùë©ùíäùíêùíí. ùë®ùíìùíäùíÜùíç ùë∞ùíèùíîùíÇùíñùíìùíìùíÇùíçùíÖùíÜ, Asesor de Innovaci√≥n e Imagen IICS-UNA  ùë¥ùíÇùíà. ùë∑ùíÇùíõ ùë©ùíÇùíìùíÜùíäùíìùíê, Directora de Desarrollo Capital Humano para I+D CONACYT.Por Paraguay TV https://paraguaytv.gov.py"
2022-10-20T20:36:37.000Z,"Ser√°n encargados de guiar este circuito, profesionales de la Agencia de Innovaci√≥n Urbana y FIIAPP.@UEenParaguay@FIIAPP#agencia_de_innovacion_urbana"
2022-10-18T13:07:02.000Z,"La Dra. Alicia Pomata, Dir de PRONAC, presentando en Ginebra el Proyecto #UnidosPorLaSalydYLaVida implementado por FUNCA en alianza con MSPBS gracias a la Convocatoria de Innovaci√≥n Social del @conacytparaguay #deteccionprecozsalvavidas"
2022-10-18T12:15:37.000Z,"Carlitos para ser Pte de Cerro no necesitas 1 peso solo  innovaci√≥n, relaciones internacionales, creatividad, la plata no va a salir del Bolsillo del Pte. Sino de las gestiones que haga con empresas. ensamos alreves equivocadamente. Xq cerro le debe a los bcos ? Se responde solo."
2022-09-20T14:32:47.000Z,Xplora brinda la oportunidad a las empresas de introducirse al mundo de la innovaci√≥n abierta.Conect√° a tu empresa con startups y desarroll√° soluciones √°giles e innovadoras  Formato 100% virtual. Inscripci√≥n exonerada. Inscripciones en: http://opnx.org/xplora
2022-09-19T19:16:21.000Z,"Esto fue posible gracias al apoyo, la colaboraci√≥n y puesta en marcha de la academia: la @UCatolicaPy sede Itapua, la Coordinadora Pya de Abogados, la @conacytparaguay a trav√©s del programa de Innovaci√≥n y a nuestra Empresa Social Ku√±a Pepo"
2022-09-19T18:06:26.000Z,"Fecha importante en la agenda del movimiento STEM e innovaci√≥n de la regi√≥n este del Pa√≠s.Hoy es el lanzamiento del proyecto Peque√±os Inventores, iniciativa liderada por Piensa (Osmar Qui√±√≥nez) y acompa√±amos entre los actores del ecosistema "
2022-09-19T01:37:55.000Z,"Compartimos un poco de lo vivido  en el Foro 360¬∞ ""J√≥venes y Emprendedores"" Medio ambiente, innovaci√≥n, tecnolog√≠a, medioambiente y finanzas son algunos de los ejes del evento ...#PatoOjedaPresidente#Lista2opcion27#SantiPe√±aPresidente#HCPresidenteANR"
2022-09-17T20:59:31.000Z,"As√≠ como a un colegio p√∫blico realmente no podes imponerle una malla curricular de religi√≥n, as√≠ tambi√©n las escuelas sobre todo las p√∫blicas est√°n para el conocimiento,  ciencias de diferentes ramas, tecnolog√≠a, innovaci√≥n,  arte , historia etc..."
2022-09-14T19:32:45.000Z,"¬°Qu√© gusto celebrar la innovaci√≥n, el liderazgo y la trayectoria de una compa√±√≠a global como @ManpowerGroupPy ! #talento #capitalhumano #soluciones"
2022-08-26T12:57:59.000Z,"El mi√©rcoles pasado, culmin√≥ el primer bootcamp exclusivo para mujeres de Penguin Academy, con un Hackathon que abarc√≥ todo el fin de semana. El desaf√≠o de la Hackathon fue ""¬øC√≥mo fortalecer los emprendimientos de las mujeres por medio de la innovaci√≥n en tecnolog√≠a?"""
2022-08-24T23:05:29.000Z,¬øC√≥mo fortalecer los emprendimientos de las mujeres por medio de la innovaci√≥n en tecnolog√≠a?
2022-08-20T15:54:11.000Z,"#MateoSalvatto CEO y Co-fundador de Asteroid Technologies @asteroidtechs, Coordinador de Innovaci√≥n #EscuelasORT en #Argentina @ORTArgentina, presente en Paraguay@BlancaAlderete6 @ArielZaracho92 @asalvatto @npyoficial @LaNacionPy @5diasPY @GENParaguay @Paravision5 @sntcanal9"
2022-08-19T18:18:57.000Z,"El challenge de nuestra hackathon este mes es ""¬øC√≥mo fortalecer los emprendimientos de las mujeres por medio de la innovaci√≥n en tecnolog√≠a?""¬øQu√© es m√°s incre√≠ble que mujeres ayudando a mujeres? "
2022-07-09T16:31:32.000Z,"Te invitamos a conocer nuestro Stand en la @ExpoMarianoPy Donde podr√°n participar todos los d√≠as de diversas charlas, Master Class de Cocina y cursos muy interesantes De lanzamientos de programas de formaci√≥n con innovaci√≥n y desarrollo Vis√≠tanos pues"
2022-07-06T12:19:49.000Z,Sin rodeos. La nueva decana no pierde un minuto y mantiene varias reuniones t√©cnicas con el estamento docente en Quiindy. Innovaci√≥n en propuestas para egresados  y nuevos paradigmas en cuanto a la  desfasada forma de evaluaci√≥n de los trabajos pr√°cticos  en la mira.
2022-07-05T18:22:58.000Z,Innovacion!!! Excelente trabajo @conacytparaguay nos vemos en la Expo!!!!
2022-07-05T13:12:44.000Z,"SBC Servicios Basados en el Conocimiento y la Innovaci√≥n.Desde el @MIC_PY felicitamos, acompa√±amos y estamos orgullosos de la creatividad de Warani Studios.De Paraguay para el mundo, exportamos nuestra cultura, nuestros mitos y leyendas""Mala Visi√≥n""... de exportaci√≥n!"
2022-06-22T19:02:12.000Z," La comitiva MIC-REDIEX recorri√≥ las instalaciones del Instituto de Innovaci√≥n SENAI (@SENAIsc) en el marco de la misi√≥n de promoci√≥n econ√≥mica en las regiones de Santa Catarina y Paran√°, Brasil "
2022-06-22T13:10:08.000Z,"Luego, en horas de la tarde, a las 15 horas asistir√° a la ceremonia de Apertura del Seminario Internacional de ""Turismo Rural e Innovaci√≥n Tecnol√≥gica"", que se desarrollar√° en el Centro de Convenciones de la @CONMEBOL. #1020AM"
2022-06-13T14:56:46.000Z,"La Econom√≠a del Conocimiento = cambio cultural rupturista donde:1. La innovaci√≥n es continua y de esa forma se quiebra la ley de los rendimientos decrecientes de la industria + agropecuaria.2. El hombre deja de ser m√°quina. 3. Todo depende del capital social, no jerarqu√≠a."
2022-06-06T22:03:59.000Z,El C√≠rculo de Innovaci√≥n por primera vez en Paraguay https://youtu.be/RIrDp00tJcU #innovation360 #ISO56002 #innovacionLATAM
2022-05-17T18:37:09.000Z,"Gracias por acompa√±arnos y mostrar el cumplimiento de los Objetivos de Desarrollo Sostenible, la Reducci√≥n de las desigualdades, la Innovaci√≥n e Infraestructura y Ciudades y comunidades sostenibles. #ODS9 #ODS10 #ODS11 #turismoinclusivo."
2022-05-11T02:03:21.000Z,"Lean bien: 25 mm de lluvias al a√±o + innovaci√≥n + tecnolog√≠a + sacrificio.Nada que objetar, mucho para aprender y admirarles en esta materia."
2022-05-04T02:38:12.000Z,"Llevamos adelante el curso ‚ÄúHabilidades Gerenciales‚Äù, dirigido a colaboradores de la empresa ùêÄùê•ùêûùê± ùêí.ùêÄ. de 13:00 a 14:00 horas.Los tutores son t√©cnicos del Centro de Innovacion de Metodologia Avanzada del @Sinafocal"
2022-04-28T23:16:22.000Z,"Yo lo √∫nico que digo. Es que la sangre nueva que entra como pasante a la facultad, es la que le va dando otra vez realce a las clases. Ahora les pido que nos den mas espacio para seguir compartiendo conocimiento e innovaci√≥n. Gracias."
2022-04-12T17:41:40.000Z,La innovaci√≥n siempre llama la atenci√≥n y abre caminos.
2022-04-08T15:03:48.000Z, El informe de ‚ÄúCapital Social‚Äù presenta resultados que podr√≠an convertirse en un valioso aporte de innovaci√≥n social dirigido a comisiones vecinales y otras instancias de participaci√≥n ciudadana.Le√© el estudio aqu√≠ http://bit.ly/informecap
2022-02-26T13:27:49.000Z,"Feliz d√≠a! En especial para los emprendedores que trabajan en el  ""cluster del Terer√©"" aplicando innovaci√≥n sostienen nuestra cultura y la adaptan a los nuevos tiempos... "
2022-02-26T01:17:37.000Z,Gracias Angela por la invitaci√≥n! Siempre un gusto compartir espacios para favorecer el ecosistema de Innovaci√≥n de nuestro pa√≠s 
2022-02-23T23:34:50.000Z,"Innovaci√≥n, #Olimpia siempre a la vanguardia!!!Los colores del #Bosque se translada a la 3ra indumentaria #Juntos"
2022-02-10T13:45:37.000Z,"Innovaci√≥n en productos: Canilla Fv ya incluye una  cinta teflon para la instalaci√≥n de la misma. ""Aquellas empresas o marcas que no escuchan a sus clientes est√°n condenadas a la muerte o a ser reemplazadas"" ORO"
2022-01-29T11:54:31.000Z,"Interesante art√≠culo sobre Innovaci√≥n""Hay una pregunta que cualquier innovador debe tener en mente todo el tiempo: ""¬øQu√© futuro quieres tener? Y, una subpregunta igualmente importante: '¬øQu√© implica eso que est√°s creando (o usando) para ese futuro?'"". https://elespanol.com/invertia/disruptores-innovadores/opinion/20220129/innovacion-pierde-norte/646065408_13.html‚Ä¶"
2022-01-22T22:31:59.000Z,"La q dice ""fin de la pobreza, hambre 0, salud-bienestar, educ de calidad, igualdad de g√©nero, agua limpia, energ√≠a asequible, trabajo decente, industria-innovaci√≥n, reducci√≥n de desigualdades, ciudades sostenibles, producci√≥n responsable, acci√≥n por el clima, paz/justicia, etc""?"
2021-12-06T01:43:17.000Z,Contenta por formar parte de la 1era Red de econom√≠a de la Innovaci√≥n en Py   Gracias al @el_BID y al @conacytparaguay se vienen grandes proyectos para fortalecer el ecosistema 
2021-12-04T12:27:10.000Z,Unrecibir el reconocimiento por la contribuci√≥n interinstitucional de Alto Impacto Social a la iniciativa cient√≠fica en un evento de premiaci√≥n del Consejo Nacional de Ciencia y Tecnolog√≠a del Paraguay  a Proyectos de Innovaci√≥n Social en la Tem√°tica Salud.#SinDejarANadieAtras
2021-12-03T14:23:01.000Z,Innovaci√≥n es tambi√©n estar cerca de uno cuando lo necesites. Felicidades a Goods Pan por la apertura de su local en el Shopping Pinedo. Muchos √©xitos para ustedes !!
2021-12-01T17:25:58.000Z,Trabajo seleccionado para presentaci√≥n en la Jornada de Innovaci√≥n Docente UNA en Universidad Nacional de Asunci√≥n https://instagram.com/p/CW8tPcKLfjYpEgvaFlXy7PzN-FLRL4OjTTTkH00/?utm_medium=twitter‚Ä¶
2021-11-30T15:36:51.000Z,Que esperas para darle innovaci√≥n y un control sumamente exhaustivo a tu empresa o emprendimiento?Desde tu m√≥vil pod√©s acceder de forma instant√°nea y con resultados exactos de tu NegocioM√≥dulos completos o selecci√≥nados! Consultor√≠a Contable actualizado a la Resoluci√≥n 90/21
2021-11-29T21:20:00.000Z,"Paraguay  mejora cada a√±o su posici√≥n en el ranking global de innovaci√≥n, demostrando la creciente capacidad de innovaci√≥n de nuestra econom√≠a"
2021-11-09T19:08:51.000Z,"Nuestro invitado para la Semana Global del Emprendimiento es el Director de Fomento, desarrollo e innovaci√≥n del MIC @juanparedespy nos explicar√° la importancia de emprender y c√≥mo el emprendedurismo favorece el desarrollo de un pa√≠s!Transmisi√≥n v√≠a: http://bit.ly/3pfuAZU"
2021-11-05T21:17:58.000Z,"Seminario de Protocolo,  Estrategias  e Innovaci√≥n en Eventos"
2021-11-05T21:13:37.000Z,"3er Seminario de Protocolo, Estrategias e Innovaci√≥n en Eventos  @Pipepcpy"
2021-11-03T20:26:02.000Z,"Las clases virtuales se encuentran a cargo de Nathalia Gonz√°lez y Estela Riego Galeano, profesionales del Centro de Innovaci√≥n de Metodolog√≠a Avanzada y Formaci√≥n a Instructores dependiente del #SINAFOCAL."
2021-11-03T15:05:59.000Z,"Las tutor√≠as est√°n a cargo de Lic. Ruth Rodr√≠guez, Guido Alonso y Gustavo C√©spedes, profesionales del Centro de Innovaci√≥n de Metodolog√≠a Avanzada y Formaci√≥n a Instructores dependiente del #SINAFOCAL."
2021-11-03T14:48:13.000Z,"En la GEW tendremos una invitada especial  Romina Da Re. Si quer√©s conocer acerca de econom√≠a de la innovaci√≥n y el impacto de las startups en los indicadores econ√≥micos de un pa√≠s, s√∫mate a la transmisi√≥n el 10/11 , a las 16:30 hrs.A trav√©s de http://bit.ly/3pfuAZU"
2021-11-03T01:24:09.000Z,"Predigo que est√° Innovaci√≥n llegar√° al Paraguay en 9 a√±os, en el 2.030."
2021-11-01T15:46:27.000Z,"Junto al Presidente @EnriqueDuarteLu de la @UIP_py  firmamos un Memorando de Entendimiento con la UIP, dando un marco alcompromiso de trabajo conjunto c/el sector industrial p/impulsar la sostenibilidad energ√©tica y la innovaci√≥n p/el #DesarrolloSostenible#SinDejarANadieAtr√°s"
2021-10-31T13:33:29.000Z,"Abrazo al pueblo Argentino porque tengo una hermosa hija Argentina y se que un d√≠a ese vasto pa√≠s volver√° a ser lo que era, una referencia en t√©rminos econ√≥micos e innovaci√≥n."
2021-10-20T16:49:29.000Z,Innovaci√≥n de calzada p√∫blica y calle en pleno barrio residencial @AsuncionMuni @nenechopy @juntasuncion Barrio san Jorge. Calle tte. Macchio casi juez Enrique pino. Local ‚ÄúA cuotitas ‚Äú
2021-09-22T16:58:01.000Z,El FEP es gratuito. Inscribite en la p√°gina http://jovenesemprendedores.com.py y conectate con la innovaci√≥n en el siguiente link https://bit.ly/FEP-2021
2021-09-17T18:11:31.000Z,"Buscando impulsar la #innovaci√≥n, la protecci√≥n de la #propiedadintelectual, el fortalecimiento del modelo de negocios, #Place (https://placeanalyzer.com.py) y#Transferteq firman alianza  del acto en la siguiente nota de @canalticpy  https://tictv.com.py/2021/09/15/empresas-tecnologicas-del-pais-firman-acuerdo-de-cooperacion/‚Ä¶"
2021-09-16T00:32:21.000Z,Cuando propones Innovacion y ‚Ä¶ 
2021-09-14T23:21:29.000Z,Si no era por el halo chau Hamilton! Tremenda innovaci√≥n fue la de incluirla como medida de seguridad cuando en su ep√≥ca muchos habian estado en contra de su implementaci√≥n! Gran acierto 
2021-09-07T13:04:12.000Z,"Los equipos hoy se encuentran trabajando en las propuestas que quedar√°n para la comunidad, fortaleciendo y diversificando la oferta de productos con las t√©cnicas artesanales, implementando dise√±os que garanticen innovaci√≥n, calidad y continuidad en las propuestas."
2021-09-05T15:19:55.000Z,"Creatividad, desarrollar nuevas ideas.Innovaci√≥n, hacer uso de nuevas ideas "
2021-09-01T20:42:17.000Z,"Hasta las 21 hs!..Date una vuelta por ac√°!, Fijate en la innovaci√≥n, aposta por un Servicio de calidad, y Nacional.."
2021-07-14T16:05:25.000Z,Ansiosos Esperando que llegue el evento Si a√∫n no te registraste and√° ya a  http://digital.campus-party.org/paraguay#CampusParty #CPLatam #CP21 #Tecnolog√≠a #innovaci√≥n #Ciencia #Entretenimiento #emprendedurismo@campuspartypy @fpuna @RepresFPUNA
2021-07-13T14:48:40.000Z,Animate y s√© parte de la innovaci√≥n. Varios pa√≠ses ya empiezan a trabajar con #revitConstruyen virtualmente en 3D.Ven y revisan el edificio en 3D.Construyen virtualmente en base a familias. Inscripciones al +595 982 770933#ctp #formandoprofesionales
2021-07-12T14:47:05.000Z,Conoc√© c√≥mo se trabajan los datos de manera innovadora en un gobierno  S√© parte de esta revoluci√≥n digital  ¬°Registrate en https://digital.campus-party.org/paraguay/#CampusParty #CPLatam #CP21 #tecnolog√≠a #innovaci√≥n #ciencia #entretenimiento #emprendedurismo@fpuna @campuspartypy
2021-07-11T02:44:38.000Z,"Ciudad de emprendedores, artesanos y artesanas, hombres y mujeres libres que nada esperan del Estado x siglos.Mucha m√°s prospera que la capital Paraguar√≠ que depende del empleo p√∫blico.Detr√°s del Caa√±ab√©, m√°s del 75 % de las familias viven de la innovaci√≥n del sector privado."
2021-07-05T14:52:25.000Z,Cada vez m√°s cerca ..Campus Party Digital Edition 2021  ¬°Registrate en https://digital.campus-party.org/paraguay/#CampusParty #CPLatam #CP21 #tecnolog√≠a #innovaci√≥n #ciencia #entretenimiento #emprendedurismo@fpuna @RepresFPUNA @campuspartypy
2021-06-30T18:31:31.000Z,Chaco Innova: El Primer Desaf√≠o de Innovaci√≥n para el Gran Chaco Americano Destinar√° hasta USD 100.000 para identificar e implementar las mejores soluciones de innovaci√≥n en tecnolog√≠as para 40 comunidades.  Para m√°s info ingres√° a: http://bit.ly/DesafioChacoInnova‚Ä¶@fpuna
2021-06-28T14:59:49.000Z,Campus Party Digital Edition 2021  ¬°Registrate en https://digital.campus-party.org/paraguay/#CampusParty #CPLatam #CP21 #tecnolog√≠a #innovaci√≥n #ciencia #entretenimiento #emprendedurismo@fpuna @RepresFPUNA @campuspartypy
2021-06-16T15:12:11.000Z,"¬°Vuelve el evento de innovaci√≥n m√°s grande de la historia! Û∞öïCon los principales referentes en las tem√°ticas: tecnolog√≠a, ciencia e innovaci√≥n, emprendedurismo, entretenimiento y futuro del trabajo. ¬°Registrate en https://digital.campus-party.org/paraguay/#CampusParty #CPLatam #CP21"
2021-06-14T15:29:53.000Z,Participa de un webinar donde podr√°s conocer sobre las oportunidades en Innovaci√≥n Abierta con invitadas que nos contar√°n sus experiencias en emprendimiento tecnol√≥gicos! 16 de Junio  18:00 h Participaci√≥n gratuita v√≠a ZoomINSCRIBITE en https://bit.ly/3grqLdU
2021-06-11T15:57:00.000Z,"La Rectora de la UNA felicit√≥ al nuevo Director Paraguayo de @itaipuparaguay y manifest√≥ el compromiso acad√©mico con la innovaci√≥n cient√≠fica y tecnol√≥gica, a trav√©s de alianzas."
2021-06-11T15:23:35.000Z,"Innovaci√≥n, trazabilidad, transparencia y eficiencia en la gesti√≥n de pol√≠ticas p√∫blicas @carmarin01 @GabSocialPy"
2021-05-05T22:40:59.000Z," Ponemos a disposici√≥n de las Empresas, y de la Ciudadan√≠a una serie de Webinarios de formaci√≥n profesional llevados adelante por el Centro de Innovaci√≥n de Metodolog√≠a Avanzada del @Sinafocal Podes armar tus grupos invitando a tus amigos o compa√±eros y as√≠ aprender juntos "
2021-05-04T01:06:56.000Z,Muy buena la innovaci√≥n de la @NBA toda la transmisi√≥n en vivo en modo Marvel
2021-05-03T18:56:32.000Z,"ESTO = Innovacion. ‚ÄúInnovar‚Äù no necesariamente es Tecnolog√≠a... no es una app, no es una startup... nuevas formas para lo conocido "
2021-05-03T18:07:33.000Z,Diez puntos a su innovaci√≥n!
2021-04-29T22:56:46.000Z," Mariela y Cristian son dos compa√±eros del @Sinafocal Son t√©cnicos del Centro de Innovaci√≥n de Metodolog√≠a Avanzada, quienes est√°n trabajando con los alumnos de la @ETSalesiana A seguir asi "
2021-04-28T16:40:28.000Z,"Apostamos por la #innovaci√≥n en las #empresas, por eso celebramos este paso p/ la #formalizaci√≥n y el r√°pido arranque de nuevos #emprendimientos.Inscribite, segui los pasos y abrir tu #EAS en  https://eas.mic.gov.py/abri-tu-eas@MIC_PY @Tributacionpy @IPSParaguay @MTESS_PY"
2021-03-30T22:23:19.000Z, ùôÄùô£ ùô¶ùô™√© √°ùôßùôöùôñùô® ùôôùôöùôóùô§ ùôòùôñùô•ùôñùôòùôûùô©ùôñùôßùô¢ùôö?Debe ser una pregunta muy frecuente para mejorar tu empleabilidadCon este producto del Centro de Innovaci√≥n de Metodolog√≠a Avanzada del @Sinafocal te queremos ayudar Responde 20 preguntas http://cima.sinafocal.gov.py/index.php/Cuestionario‚Ä¶
2021-03-29T00:14:01.000Z,"E INNOVACION! Basta las confrontaciones, recuerdos tristes y violencia."
2021-03-28T20:09:54.000Z,"Smart Challenge tur√≠stico busca innovaci√≥n en el Camino de los Jesuitas Junto con el Banco Interamericano de Desartollo BID y el apoyo de la Organizaci√≥n Mundial del Turismo, Paraguay, Argentina, Bolivia, Brasil y Uruguay lanzaron el Smart Challenge."
2021-03-27T15:36:20.000Z,"Webinar: Uniendo energ√≠as hacia el Paraguay 2040Infraestructura f√≠sica, educaci√≥n, salud e innovaci√≥n tecnol√≥gica, p/ llegar al 2040 como el centro energ√©tico de la regi√≥n. Con el Econ.Jeffrey SachsMi√©rcoles 31 de marzo 17:00 hs.Inscrpciones: https://bit.ly/3cqCEjD"
2021-03-25T19:38:49.000Z,"Arrancamos el programa de innovaci√≥n abierta con @Wayra, @IDB_Lab y @UIP_py "
2021-03-24T11:04:56.000Z,"El Foro ""Innovation Days"" es uno de los principales encuentros de innovaci√≥n en Estambul. ¬°Nos llena de orgullo que @martinburt nos represente y relate el impacto del @PStoplight en distintas partes del mundo! ¬°De  al !"
2021-03-19T17:16:58.000Z,"Transformaci√≥n de la materia prima, a trav√©s de innovaci√≥n en tecnolog√≠a y capacitaciones para mejorar productos derivados de la leche (queso, helado, yogurth, otros); dirigido a mujeres y j√≥venes. Con @usaidparaguay y @PYFECOPROD ."
2021-03-17T14:10:41.000Z,"Tener tu propia startup es posible si te rodeas de las personas correctas y trabajas duro para lograrloTe acompa√±amos durante el proceso de pre- incubaci√≥n de tu idea de negocio, basada en alguna tecnolog√≠a y con componentes de innovaci√≥nIngres√° a: https://bit.ly/3aJQEUw"
2021-03-16T12:21:45.000Z,El secreto de la innovaci√≥n educativa es el estudiante activo y el docente tutor. Pasamos de la lecci√≥n a la experiencia educativa.
2021-02-25T11:33:36.000Z,Lleg√≥ el d√≠a!La Presidenta la Dra. Cynthia Villalba junto con la Directora la Lic. Rosa Gonz√°lez @rosagonzalezleo estar√°n participando como invitadas especiales en √©ste lanzamiento.√âxitos a nuestro socio @RenzoDestefano qui√©n es uno de los l√≠deres de √©sta innovaci√≥n .
2021-02-25T03:09:09.000Z,¬øC√≥mo pas√≥ Estonia de ser un pa√≠s pobre a una potencia en tecnolog√≠a e innovaci√≥n? https://elamerican.com/estonia-pais-pobre-potencia-tecnologia/?lang=es‚Ä¶ v√≠a @ElAmerican_
2021-02-24T15:27:39.000Z,Invitaci√≥n abierta Nuestros socios el Dr. Mauricio C√°ceres y el Dr. Renzo Destefano estar√°n presentando interesantes proyectos de innovaci√≥n Les esperamos 
2021-02-21T04:42:20.000Z,"La Asociaci√≥n de Mujeres ARAPOTY recibi√≥ una cosechadora de forraje a precisi√≥n, una herramienta para aumentar la producci√≥n de alimentos para el ganado vacuno. El Componente Mujeres& J√≥venes impulsa la innovaci√≥n de tecnolog√≠a con el apoyo de @usaidparaguay,  @PYFECOPROD"
2021-02-19T21:41:15.000Z,"Lanzamiento Digital  del""Manual de Residentes de Cirug√≠a General"", el primer libro totalmente digital de la FCM UNA @MedicinaUNA. El Dr. Renzo Destefano @RenzoDestefano miembro de √©sta sociedad, es uno de los protagonistas de esta innovaci√≥n #Saluddigital #eHealth"
2021-02-11T23:00:39.000Z,‚ÄúInnovaci√≥n y desarrollo digital para brindar mayores beneficios a los socios‚Äù #somoscit #SomosNaranja
2021-01-19T12:25:04.000Z,"""El a√±o pasado fue un a√±o de grandes desaf√≠os, de grandes cambios, est√°bamos en el medio de decidir cu√°les eran los 5 desaf√≠os nacionales de innovaci√≥n a quienes √≠bamos a enfocar""."
2021-01-14T17:55:08.000Z,Grande Paraguay! En enero la importacion de covid desde Brasil incremento en tiempo record! Paraguay a la vanguardia e innovacion con la nueva cepa! En tu cara resto del mundo!
2021-01-11T21:52:57.000Z,"Hermoso est√° amix.L√°stima que contrataron a un grupo de herreros con mal de parkinson.Nivelaron la obra con plastilina? Eso ser√≠a genial, ser√≠amos pioneros en innovaci√≥n. https://twitter.com/Solmelga/status/1348449411333050369‚Ä¶"
2021-01-01T03:21:08.000Z,"¬°Feliz 2021! Por un nuevo a√±o con mejoras significativas en la Educaci√≥n, asi como en el Sistema Nacional de Ciencia, Tecnologia e Innovaci√≥n!"
2020-12-17T14:32:17.000Z,"[1/2] Hoy, como ponente en las XI Jornadas de Innovaci√≥n Docente de la Universidad Nacional de Asunci√≥n, Edici√≥n Virtual 2020, presentando nuestra experiencia en la implementaci√≥n de la #Telepsiquiatr√≠a..."
2020-12-09T21:18:06.000Z,Red Somos Innovaci√≥n: Nuevo Estudio de Opini√≥n Muestra que los Latinoamericanos Quieren M√°s Innovaci√≥n  | Business Wire https://businesswire.com/news/home/20201208005909/es/#.X9E_BDxtniM.twitter‚Ä¶
2020-12-09T05:14:54.000Z,Televisa viene repitiendo Hasta 3 veces las mismas historias con cambio de nombre. #ImperioDeMentiras es una innovaci√≥n a lo que vemos siempre.
2020-12-04T22:19:10.000Z,"Premio a la Innovaci√≥n, Felicitaciones @Vropardo .. Gracias @UIP_py"
2020-11-15T13:40:21.000Z,"El celular es una innovaci√≥n tecnol√≥gica muy importante, el uso que le des es lo que cuenta.El celular no te cambia, las prioridades y los valores de la gente es la que cambia."
2020-11-04T18:00:07.000Z,"Sab√≠an esto? Una VER GUEN ZA . Para el despilfarro est√°n, ped√≠s transformaci√≥n o innovaci√≥n en salud, educaci√≥n, bancas y se cruzan de brazos"
2020-11-04T17:55:19.000Z,"#ItalianDesignDay # IDD2020 ‚ÄúDibujando el futuro. Desarrollo, innovaci√≥n, sostenibilidad, belleza """" El dise√±o del futuro ser√° colectivo y partir√° de nuevo del hombre y sus necesidades reales ""dice Silvia Robertazzi, cofundadora del #MilanoDesignFilmFestival"
2020-10-26T01:28:35.000Z,"Los cambios traen innovaci√≥n, y la innovaci√≥n lleva al progreso."
2020-10-21T17:55:28.000Z,"Hoy presentamos el Sello de Genero P√∫blico del @pnud en el foro ‚ÄúResiliencia e Innovaci√≥n en la Formaci√≥n Judicial‚ÄùEstamos implementando el Sello P√∫blico  con @PoderJudicialPY, @minmujerpy, @MTESS_PY @SFPpy #sindejaranadieatr√°s #ODS5 #ODS16"
2020-10-18T15:07:17.000Z,Orgullo Paraguayo !@UIP_py #innovacion @Kuyasensei @MIC_PY
2020-09-19T12:41:12.000Z,"La historia de la educaci√≥n de Paraguay conoce a Sacerdotes que han hecho much√≠simo por el sistema, el Dr. Francia impuls√≥ un programa de inversi√≥n+desarrollo que gener√≥ innovaci√≥n y creatividad, Don C. A. L√≥pez elev√≥ el nivel al mejor de todo Am√©rica ...xq no lo hacemos hoy ?"
2020-09-15T03:17:13.000Z,"a la ingenier√≠a, transporte, ciencia, tecnolog√≠a, innovaci√≥n. Este grupo es de WhatsApp, usted se une con el enlace y debe  silenciarlo ! pues muy temprano los administradores env√≠an las tapas de diario y si usted tiene silenciado el grupo,"
2020-09-08T03:23:37.000Z,"- CIMEFOR Transmisiones 74, 75, 76- C√°mara paraguaya de la Industria Cer√°mica -CATERPPA- C√°mara  Nacional de Comercio y Servicios del Paraguay- Centro de Propietarios de Panader√≠a y Fideer√≠as del Paraguay - Camara Paraguaya de Dise√±o e Innovaci√≥n"
2020-08-24T22:57:16.000Z," ¬°La campa√±a *#ParaguayoComoVos* est√° en marcha!  Productos hechos en nuestra tierra, con orgullo, innovaci√≥n y mano de obra nacional, estar√°n expuestos con destaque especial en g√≥ndolas de supermercados asociados a la Capasu¬°Sumate a esta iniciativa! "
2020-08-23T16:03:17.000Z,Aquella innovaci√≥n
2020-08-19T19:17:33.000Z,"Webinar ""500 Startups:Emprendiendo con Innovaci√≥n en Latinoam√©rica"" para conocer m√°s acerca de esta organizaci√≥n de Inversiones y laboratorios para emprendimientos innovadores.  Mi√©rcoles 19/08 17h00 Fb Live Estrategia de Innovaci√≥n Py ¬°No te lo pierdas!"
2020-07-29T04:42:02.000Z,Innovaci√≥n de sistema 100% desmontable1.200 m2Consorcio ContecBloques de : -Oficinas-Dormitorios-Laboratorio
2020-07-27T19:27:44.000Z,"La innovaci√≥n es v√≠ctima de la burocracia. Ante urgencia el @msaludpy (DINAVISA) @INTNpy u otra debe tomar riendas y emitir resoluci√≥n transitoria.Mientras, y conscientes de los tiempos, trabajaremos proyecto de ley para un espacio controlado de pruebas (‚Äúsandbox‚Äù regulatorio)."
2020-07-27T14:34:39.000Z,"La mayor√≠a de las personas tienen miedo de cometer errores; pero en realidad EL error es no querer cometerlos... la innovaci√≥n y la creatividad no pueden ser alcanzadas sin cometer errores, enfrentar obst√°culos y contratiempos #japokatu"
2020-07-27T13:03:59.000Z,CU y SAE Consultora te ofrecen beneficios  M√°ster en Desarrollo Emprendedor e Innovaci√≥n Paraguay por la Universidad de Salamanca - Online Advanced ProgramsFinanciado a trav√©s de Cr√©ditos de la CU M√°s info al correo consultora@sae.com.py
2020-07-25T14:48:33.000Z,Exquisito desayuno a base de yerba mate!@lacaramellapy se pas√≥!Gracias a @taiwanicdf_py por el detalle!@fomipymespy potenciando la innovaci√≥n y competitividad en los productos de nuestros #emprendedores!
2020-07-11T02:06:29.000Z,"Orgullosa de pertenecer a la @apc_py con este convenio se lograr√°n muchos avances en investigaci√≥n, capacitaci√≥n e innovaci√≥n."
2020-07-07T20:29:14.000Z," Invitamos a participar del Webinar ‚ÄúEmprendimiento e Innovaci√≥n desde la Ciencia y la Tecnolog√≠a‚ÄùDirigido a investigadores, emprendedores y organizaciones.Jueves 9 de julio a las 17:00 horas.Inscripciones  http://bit.ly/3dTDIKd"
2020-07-03T23:15:36.000Z,"Bien. Hay que darle la bienvenida a la innovaci√≥n; tomarla como desaf√≠o. No pincharse y protestar porque a vos no se te ocurri√≥. Mal Red Bull, bien Mercedes."
2020-06-27T16:43:05.000Z," Preparan reactivaci√≥n tur√≠stica de mano de la innovaci√≥n, la tecnolog√≠a y la creatividad. Compartimos y Agradecemos la nota de @IPParaguayhttps://ip.gov.py/ip/preparan-reactivacion-turistica-de-mano-de-la-innovacion-la-tecnologia-y-la-creatividad/‚Ä¶"
2020-06-22T20:24:08.000Z,"Simplemente.. Impresionante  Vieron todo lo que esta haciendo @nayibbukele un Joven Presidente, con innovaci√≥n, sencibilidad social. Poniendo en primer lugar LOS INTERESES DEL PUEBLO... y no su bolsillo. Todo esto‚Ä¶ https://instagram.com/p/CBwCoWan53g/?igshid=plcnrxs2t2us‚Ä¶"
2020-06-19T20:56:40.000Z,La radio a pila siempre va a ser mejor que cualquier innovaci√≥n tecnol√≥gica pero ustedes no est√°n preparados para este debate.
2020-06-18T00:37:27.000Z,Final de innovaci√≥n de lujo  felicidades a los finalistas y al equipo @ENIparaguay @STP_Paraguay @ILABpy
2020-06-12T16:49:41.000Z,"La innovaci√≥n en las corridas llega a nuestro pa√≠s a trav√©s de Corrida Ol√≠mpica Virtual, organizada por el @coparaguay con apoyo de la #SND , la misma se realizar√° el pr√≥ximo 28 de junio. Mas detalles en: https://bit.ly/37nWGHi"
2020-06-11T21:19:09.000Z,"En un pa√≠s donde el emprendimiento y la innovaci√≥n est√°n en su mejor momento se hace oportuno trabajar iniciativas p√∫blicas que presenten soluciones a esta realidad, y antes que condenarlos a la informalidad los acerquen a los estamentos p√∫blicos por medio de apoyos efectivos."
2020-06-10T16:46:11.000Z,"Reuni√≥n con el Mtro. del @Miticpy @aperaltavierci, el Pdte de @conatelpy Ing. Juan Duarte, con el @gobernadorespyEntregaron 17 Telecentros a gobiernos Departamentales, buscando fomentar desarrollo y bienestar a las comunidades mediante la TIC, creando oportunidades e innovaci√≥n."
2020-05-20T01:18:22.000Z,La innovaci√≥n ser√° clave en la reactivaci√≥n del turismoCompartimos y agradecemos nota de @nanduti  https://nanduti.com.py/2020/05/19/la-innovacion-sera-clave-la-reactivacion-del-turismo/‚Ä¶
2020-05-20T00:04:08.000Z,"Pasaron 55 D√çAS desde que se aprob√≥ la Ley de Emergencia. Cuesta seguir hablando de medidas ‚Äúde auxilio‚Äù Los pr√©stamos ya no llegaron.Toca mirar para adelante. Ver oportunidad en la innovaci√≥n, v√≠as alternativas y tecnolog√≠as que masifiquen formalizaci√≥n e inclusi√≥n financiera."
2020-05-19T16:12:20.000Z,"En estos tiempos de innovaci√≥n, tambi√©n estamos en la web.Habilitamos nuestra tienda online. http://aginstala.comTodo lo relacionado a la seguridad electr√≥nica, CCTV, redes, automatizaci√≥n de portones.#SOMOSAG"
2020-05-18T17:06:36.000Z, WEB | La innovaci√≥n ser√° clave en la reactivaci√≥n del #Turismo Info: https://bit.ly/3cJoN5E
2020-05-18T15:07:28.000Z,"La innovaci√≥n es tendencia en la industria del #Turismo. Hoy +2.000 personas asistieron a nuestro #Webinar con @NataliaBayona, experta en innovaci√≥n digital de la Organizaci√≥n Mundial del Turismo @UNWTO. Sin duda la #tecnolog√≠a ha llegado para quedarse ante los nuevos desaf√≠os."
2020-05-18T14:20:40.000Z,"#Ahora inicia el #Webinar en ""Innovaci√≥n Tur√≠stica"" a cargo de @NataliaBayona, asesora de transformaci√≥n digital de la #OMT. El encuentro on-line es llevado adelante conjuntamente por la @Senatur_py y la @UNWTO, y cuenta con la participaci√≥n de la ministra @Sofiaemontiel."
2020-04-27T19:32:33.000Z,Nuestra prioridad @DGEECpy es tener #INFORMACI√ìN OPORTUNA Y DE CALIDAD para medir el impacto #COVID19 al querido  mediante la #INNOVACI√ìN en la #EPHC  con respaldo del @PNUDPARAGUAY  #MejoresDatosMejoresVidas #QuedateEnCasa
2020-04-27T17:56:05.000Z, #INNOVACI√ìN @DGEECpy Gracias al apoyo de @PNUDPARAGUAY  @SilviaMorimoto para contar con Informaci√≥n oficial sobre como estamos en #Paraguay
2020-04-27T17:07:10.000Z,"El @PNUDPARAGUAY colabora con la @DGEECpy, apoyando a la #innovaci√≥n en la Encuesta Permanente de Hogares 2020, para continuar recabando informaci√≥n imprescindible para la toma de decisiones y hacer frente al impacto del #COVID19Cooperamos para #ReconstruirMejor#BuildBackBetter"
2020-04-27T04:46:43.000Z,Y si...ya llegar√°n emprendimientos que les hagan salir de su zona de confort #innovaci√≥n #nuevomodelo
2020-04-25T23:02:31.000Z,@Guda_py el ‚Äúand 1‚Äù claramente es una innovaci√≥n de este siglo. En la @NBA del siglo XX te daban el foul pero nunca el doble.
2020-04-25T13:59:50.000Z, Conferencia en la Universidad de Gaaguaz√∫ Paraguay  #educacionvirtual #education #paraguay #innovation #tecnologiaeducativa #innovacion #elearning #virtual #disruption #digital‚Ä¶ https://instagram.com/p/B_aAn_dJbm0/?igshid=vr00egihw4lj‚Ä¶
2020-03-29T15:57:33.000Z,"Tecnolog√≠a, innovaci√≥n, solidaridad, al servicio de la Humanidad."
2020-03-26T15:22:27.000Z,"Puma King Platinum ""Lazer Touch"" Hecha un mejor vistazo a la nueva innovaci√≥n de pumafootball Consultas al: 0981-285276 Envios  en todos el pais por Delivery  en Coronel Oviedo https://instagram.com/p/B-M6O3UFOOw/?igshid=pexvk02spznp‚Ä¶"
2020-03-26T14:34:20.000Z,pumafootball presenta la innovaci√≥n especial patentada para renovar un √≠cono y lanza la edici√≥n especial King Platinum Lazer Touch  Queve una nueva tecnolog√≠a especial utilizada por primera vez en K-leather para‚Ä¶ https://instagram.com/p/B-M0ugpFTHE/?igshid=1kzflpcr8nf4r‚Ä¶
2020-03-22T21:24:12.000Z,"S√≠, el COVID-19 impulsar√° la pr√≥xima gran ola de innovaci√≥n https://entrepreneur.com/article/347862"
2020-03-22T17:01:16.000Z,#citroen2cv ejemplo de innovaci√≥n en los a√±os 1948El #2cv es un coche que comienza a producirse por #Citroen justo despu√©s del fin de la #segundaguerramundial en Honorable Camara de Diputados https://instagram.com/p/B-CyXRZlWKh/?igshid=1gfzxtf0u2dhd‚Ä¶
2020-03-14T23:07:31.000Z,"Es un gran momento para que los medios de comunicaci√≥n inviertan en innovaci√≥n y tecnolog√≠a.Exponen a los noteros, camar√≥grafos y t√©cnicos.#coronavirus #COVID„Éº19"
2020-03-06T20:04:19.000Z,Materias que deber√≠an ense√±ar en la escuela:  Nutrici√≥n Inteligencia Emocional  Creatividad e innovaci√≥n  Convivencia y Valores  Oratoria  Ventas  Meditaci√≥n  Finanzas  Que m√°s podr√≠a ser?
2020-03-06T18:39:30.000Z,¬°Sumate pues a este gran proyecto de innovaci√≥n para el !
2020-02-18T15:09:31.000Z,"El proyecto JICA -SNPP, apunta a mostrar experiencias sobre gesti√≥n de calidad en empresas e ennovacion en el rubro de Manufactura. El seminario contar√° con los expertos: Tamon Nagai que hablar√° del TPS y Sabrina Levinton, del SENAI que tratar√° sobre Innovaci√≥n.#√ëambaapoPy"
2020-02-16T22:57:14.000Z,"Velador sublimado personalizado y tem√°tica corte personalizable con el dise√±o que desee. Aplique de yute, foco led a pila y base de hilo poyvi. #reciclaje #reciclajecreativo #reciclarte #veladores #innovacion  #tecnologia Pedidos al WhatsApp https://bit.ly/31o6DS3 0991289154."
2020-02-07T02:01:26.000Z,La innovaci√≥n que necesitaba el Futsal llega con NIKE REACT GATO ‚Ä¢Nace una nueva especie‚Ä¢Ya disponible por pedido !! Env√≠os en todo el pais  en Coronel Oviedo https://instagram.com/p/B8P4ImHlbJ5/?igshid=1j6yhhk77wj3j‚Ä¶
2020-02-07T01:59:05.000Z,La innovaci√≥n que necesita en Futsal llega con NIKE REACT GATO ‚Ä¢Nace una nueva especie‚Ä¢Ya disponible por pedido !! Env√≠os en todo el pais  en Coronel Oviedo https://instagram.com/p/B8P4ImHlbJ5/?igshid=1tpeueeqwh09u‚Ä¶
2020-02-05T16:19:56.000Z,Hoy nos reunimos con @lupelu19 y Juan Coronel @msaludpy para dialogar sobre agenda de cooperaci√≥n con @ISMERCOSUR para PPT del #Paraguay. Tecnolog√≠a e innovaci√≥n en #salud y #fronteras fueron los temas principales. Movilidad de pacientes en #MERCOSUR con apoyo de @EUROsociAL_
2020-01-05T19:09:47.000Z,Felicitaciones a @JuanParedesPY. Merecido reconocimiento a su Gesti√≥n Nacional en Innovaci√≥n.
2020-01-03T11:03:13.000Z,"Paraguayos conquistando el  a trav√©s de la #innovaci√≥n. Orquesta de Cateura, un orgullo nacional. Sin duda, una de las mayores innovaciones sociales made in . #InnovaPy #ENIpy @ENIparaguay"
2020-01-03T02:06:47.000Z,Para registrar tu empresa en el #MTESS podes usar la web oficial !!La distancia y el tiempo para los tr√°mites administrativos ya no son obst√°culos para la formalizaci√≥n del empleo. #innovaci√≥n #Tecnologia #Eficiencia
2019-12-31T17:52:14.000Z,"¬°Se cierra un gran a√±o donde construimos grandes oportunidades para innovar! Se viene el 2020, donde estas oportunidades ser√°n la base para establecer las √°reas de nuestros retos nacionales de innovaci√≥n. ¬°Salud @ENIparaguay! "
2019-12-29T15:46:20.000Z,"@ArmiUlices excelente, innovaci√≥n es el paso hacia el futuro."
2019-12-19T12:56:29.000Z,¬°Llegamos al Chaco! Este viernes 20 tendremos un taller en #PresidenteHayes. Queremos seguir identificando desaf√≠os y oportunidades de #innovaci√≥n.¬°Te esperamos! #ENIpy
2019-12-19T01:26:37.000Z,"COI (Center Of Innovation) es un espacio de Innovaci√≥n creado Gracias al trabajo del @MIC_PY , la @una_web y la cooperaci√≥n Coreana @KOICA_Paraguay  el COI  es tambi√©n un Pez que en una pecera es muy peque√±o pero al darle espacio suficiente CRECE!! Un espacio de CRECIMIENTO."
2019-12-18T23:47:16.000Z,"Este logro, va de la mano con la gran apuesta del @PTI_PY, a trav√©s del desarrollo de una nueva plataforma de reservas que podr√°n implementarlo en los establecimientos extra hoteleros. Seguiremos apostando a la innovaci√≥n en el sector tur√≠stico!!! "
2019-12-18T20:42:51.000Z,"Hoy en presencia del Canciller rendimos cuentas de lo realizado en el a√±o y renovamos nuestro compromiso para seguir impulsando la localizaci√≥n de la Agenda 2030, con pasi√≥n e innovaci√≥n. Gracias @ComisionOds gracias @mreparaguay es un placer recorrer este camino juntos"
2019-12-18T19:30:58.000Z,"¬øQui√©nes son los responsables de llevar adelante @ENIparaguay? Te presentamos al Equipo Impulsor, l√≠deres de distintos sectores que fueron seleccionados luego de un proceso abierto, por sus logros en #innovaci√≥n, #tecnolog√≠a y #ciencia. ¬°Con√≥celos!"
2019-12-17T23:43:15.000Z,"El dise√±o gr√°fico ha experimentado un cambio, hoy no es solamente ""quiero un logotipo"".Es desarrollar todos los materiales impresos y digitales, capacitarse constantemente trabajando en equipo. Buscando oportunidades de innovaci√≥n."
2019-12-04T16:36:09.000Z,Programa General http://cedial.org.py/encuentropych/programa.pdf‚Ä¶Sal√≥n de Compradores http://cedial.org.py/encuentropych/programa_salon_comp.pdf‚Ä¶ Programa Sal√≥n de Inversionistas http://cedial.org.py/encuentropych/programa_inversionistas.pdf‚Ä¶Programa Seminario Encadenamiento http://cedial.org.py/encuentropych/encadenamiento.pdf‚Ä¶Programa Taller Innovaci√≥n http://cedial.org.py/encuentropych/programa_tall_innov.pdf‚Ä¶
2019-12-04T14:10:30.000Z,"Para la Uni√≥n Europea y Paraguay, la educaci√≥n es una prioridad compartida   Hoy se realiz√≥ la Conferencia ‚ÄúInnovaci√≥n y nuevas tendencias en aprendizajes para una educaci√≥n de calidad‚Äù, una gran iniciativa del @MECpy con apoyo de la @OEIParaguay y la UE"
2019-12-04T11:43:13.000Z,"Inicia la Conferencia Internacional ""Innovaci√≥n y nuevas tendencias en aprendizajes para una Educaci√≥n de Calidad"" En la Sede del Instituto del Banco Central del Paraguay."
2019-12-04T03:48:12.000Z,Parar un proceso que nos ubic√≥ en los primeros lugares en la innovaci√≥n de la JUSTICIA a pesar de nuestra oscura historia pol√≠tica es simplemente necio. Por donde lo mires.
2019-12-04T02:49:34.000Z,- #RealidadAumentada al recorrer   #misiones jesu√≠ticas - Tejedoras de #Yataity bordando prendas de moda - Espacios de #coworking para sector audiovisual  Proyectos muy inspiradores‚ÄúDiplomado #Innovaci√≥n y #Econom√≠aCreativa‚Äù @InstDesarrollo #Fundaci√≥nCIRD @the_IDB
2019-12-03T14:14:39.000Z,"La educaci√≥n media t√©cnica, con formaci√≥n de calidad, innovaci√≥n, investigaci√≥n e inserci√≥n laboral efectiva de los j√≥venes es el eje de estos centros.#√±ambaapoo√±ondive"
2019-12-02T19:59:12.000Z,Hoy toca a l√≠deres del sector p√∫blico participar del taller de #innovaci√≥n. Estamos identificando desaf√≠os y oportunidades que afrontaremos Estrategia Nacional de Innovaci√≥n. ¬°Con ganas de escuchar tu aporte y construir JUNTOS! #ENIpy #InnovaPy  @ENIparaguay
2019-11-30T17:39:00.000Z,"Estamos viviendo una gran fiesta, La liga Nacional de Rob√≥tica con @reeducapy .M√°s de 600 personas en una jornada cargada de  tecnolog√≠a e Innovaci√≥n.Te mostramos algunos de los equipos en acci√≥n."
2019-11-30T15:15:23.000Z,#ahora Nuestros alumnos del curso de Rob√≥tica se encuentran en plena competencia en el desaf√≠o de la Liga Nacional de Rob√≥tica buscando un lugar para competir en el Vez Robotics World Championship 2020 en EE.UU.  S√∫mate a la fiesta de tecnolog√≠a e innovaci√≥n. #paraguaydelagente
2019-11-30T13:56:49.000Z," 66 concursantes muestran hoy los proyectos m√°s novedosos., buscando un lugar en la final el pr√≥ximo a√±o en el Vez Robotics World Championship 2020, en EEUU.Veni  pues! Esto es una gran fiesta de tecnolog√≠a e innovaci√≥n Te esperamos, estamos hasta las 16:00 horas."
2019-11-25T10:36:44.000Z,"Hoy es un gran d√≠a para los 150 docentes, directivos y profesionales de #Paraguay que recibir√°n el certificado final del Diplomado de Especializaci√≥n en Gesti√≥n e Innovaci√≥n Directiva. El grupo viaj√≥ durante dos meses a Chile gracias a @becalpy @MECpy y @Haciendapy"
2019-11-23T18:38:03.000Z,Cuando el trabajo tiene todo el sentido. A seguir dibujando sonrisas #nextgenundp #innovacion #ods6agualimpiaysaneamiento #somospnud
2019-11-22T23:03:44.000Z,IV ENCUENTRO NACIONAL DE EMPRENDEDORES COOPERATIVOS  Andr√©s SilvaLiderazgo para la innovaci√≥n#J√≥venes #Emprendedores #SocioCU #Paraguay 
2019-11-22T14:32:26.000Z,Participando en el segundo d√≠a de la X Jornada de Innovaci√≥n Docente de la UNA 2019 en Universidad Nacional de Asunci√≥n https://instagram.com/p/B5K9JFZF8sg1om3m6pLFEIxJ47ohUdF9jrHN4U0/?igshid=g53yja5866uh‚Ä¶
2019-11-20T14:17:17.000Z,"""Queremos que la innovaci√≥n tenga un desarrollo sostenible en Paraguay, bas√°ndonos en mejorar la calidad de vida de la gente. Los pilares son innovaci√≥n social, empresarial y transparencia en la gesti√≥n p√∫blica"". @jazmingustale #Digitrends #SomosDigitales "
2019-11-13T23:29:54.000Z,"VIII Foro Internacional de investigadores, se llevar√° a cabo del 14 al 16 de Noviembre.En dicho evento estar√© participando en car√°cter de Ponente con la presentaci√≥n de la Proyecto de Innovaci√≥n Educativa ‚ÄúPROEDUCA‚Äùhttps://facebook.com/1429109150733134/posts/2330332130610827?sfns=mo‚Ä¶"
2019-11-13T18:01:19.000Z,Con la firma del nuevo proyecto sumamos nuevos objetivos a incorporar:  Innovaci√≥n Igualdad Inclusi√≥n.Sape'a es un programa de formaci√≥n en educaci√≥n para el desarrollo y capacitaci√≥n para el empleo para adolescentes y j√≥venes.
2019-11-13T13:21:04.000Z,"#innovaci√≥n un tema fascinante y actual, m√°s todav√≠a trat√°ndose de #carreteras y #transporte #HablemosDeCarreteras aqu√≠ lo tenemos a @miguelcasof Director Tecnico de @PIARC_Roads en esta #JornadaCV19 @Itafec @ATC_PIARC"
2019-11-11T17:41:38.000Z,La revoluci√≥n educativa est√° presente en la #ExpoInnovaci√≥n mediante @reeducapy que se dedica a capacitar a instructores en materia de Innovaci√≥n Tecnol√≥gica STEM. M√°s info al (0976)605-609
2019-11-11T16:19:41.000Z,#Prodi C√°mara Paraguaya de Dise√±o e Innovaci√≥n. Dise√±o Ganador #MarceloLeguizamon Centro Tecnol√≥gico de Avanzada #CTA #Innovaci√≥n #Tecnolog√≠a #TecInnovaPy
2019-11-11T12:06:54.000Z,"La ministra de Trabajo @Carlabacigalupo brind√≥ sus palabras de apertura de la #ExpoInnovaci√≥n.""Queremos revolucionar la educaci√≥n introduciendo innovaci√≥n y tecnolog√≠a"""
2019-11-07T13:16:22.000Z,¬°Ven√≠ vos tambi√©n para celebrar juntos el D√≠a Nacional del Emprendedurismo con la #ExpoInnovaci√≥n!     Nuestro @ctaparaguay albergar√° un evento que pretende sentar un precedente en materia de tecnolog√≠a e innovaci√≥n.
2019-11-07T13:16:19.000Z,"¬°Mediante nuestro Sistema IDENTIDAD, llegamos a miles de j√≥venes paraguayos para seguir fortaleciendo su formaci√≥n!Hoy enviamos a nuestros alumnos, egresados y participantes inscriptos en el Sistema IDENTIDAD del @MTESS_PY la invitaci√≥n a nuestra Expo Innovaci√≥n."
2019-11-05T21:23:59.000Z,TU PASAJE.....Y BUENO  ESPERAMOS¬°¬°!!POR FAVOR  NO METRO BUS....NO VIADUCTOS  TRUCHOS  QUE SE AGRIETARON Y M√ÅS.CURIOSO ES EL QUE  SE HINUNDA ESA ES UNA SUPER  INNOVACION¬°¬°!!SUPER INNOVACI√ìN
2019-11-04T20:09:52.000Z,"En el D√≠a Nacional del Emprendedurismo tendremos la #ExpoInnovaci√≥n, mostrando todo el talento paraguayo en Innovaci√≥n y Tecnolog√≠a.Si tu emprendimiento tiene que ver con mecanizaci√≥n no pod√©s faltar.¬°Ven√≠ este 11 de noviembre @ctaparaguay!#ParaguayDeLaGente"
2019-11-04T15:33:17.000Z,"Hoy so√±√© que te encontr√©  en el Biggie cerca de mi casa, estabas en la fila de la caja y le llamaste la atenci√≥n a la cajera, yo estaba detr√°s, te dije que todo se consigue con paciencia y esperamos..  Uni√≥n - Construccion Innovaci√≥n - Evoluci√≥n  „ÄÄ·≠Ñ„ÄÄ„ÄÄ·≠¢„ÄÄ„ÄÄ·≠Ñ„ÄÄ·≠¢"
2019-10-28T19:50:52.000Z,"Hoy @ARivasPalacios Ministro del @mreparaguay , junto con nuestro Secretario General Adjunto Director Regional @LFLopezCalva inauguraron nuestra Reuni√≥n de los Representantes del @PNUDLAC 2019: Liderando Innovaci√≥n para el desarrollo sostenible en ALC #Agenda2030 #NextGenUNDP"
2019-10-28T18:31:22.000Z,@ProsperidadCol nos acompa√±a esta semana intercambiando experiencias de Innovaci√≥n Social.
2019-10-26T14:46:17.000Z,"Participantes del encuentro, destacaron el trabajo que viene desarrollando la @Senatur_py, y expresaron la necesidad de que exista un interlocutor entre la Secretar√≠a y el sector de la industria creativa, a fin de coordinar acciones que potencien la innovaci√≥n tur√≠stica."
2019-10-25T17:53:13.000Z,"""Esto es una innovaci√≥n tecnol√≥gica que inici√≥ el mi√©rcoles. Esto va a ir creciendo y ya ha comenzado a funcionar"" viceministro de Transporte, @PedroDBritos en #ElSal√≥n@hector_rubin @nanduti @josejosemadrid"
2019-10-25T17:14:37.000Z,"Dise√±a tu espacio, Q Style La innovaci√≥n est√° en los detalles. #Abacel #Samsung #DistribuidorOficial"
2019-10-25T01:15:02.000Z,En five_steam nuestro principal objetivo  desarrollar la cultura de la creatividad y sembrar las semillas de  #innovacion mediante 'engineering y design thinking' para ni√±@s en Rakiura‚Ä¶ https://instagram.com/p/B4BboFPnsS2eun3wpAwhLivIa0wbIPXgsyFmA00/?igshid=k1b7q6ngzlly‚Ä¶
2019-10-24T18:54:30.000Z,"Hay mucho trabajo por hacer, ya que el concepto no est√° legitimado, menos a√∫n institucionalizado en nuestro pa√≠s. Debemos entender que los ecosistemas de innovaci√≥n no son espont√°neos, son productos de politicas firmes, planificaci√≥n, reglamentos adecuada y programas de incentivo"
2019-10-24T13:08:55.000Z,"INNOVACI√ìN social, empresarial, de la gesti√≥n p√∫blica  hay que escuchar a las personas, a la comunidad! ‚ÄúHay que salir de la oficina‚Äù ‚ÄúGenerar empat√≠a‚Äù https://twitter.com/i/broadcasts/1vAxRqLWnraJl‚Ä¶"
2019-10-22T12:40:26.000Z,"Muchas gracias @canalpropy por la entrevista. Alentamos a todos los Pyos a crecer a trav√©s de la innovaci√≥n y la calidad, hay mucho por hacer ! "
2019-10-22T12:31:31.000Z,"‚ÄúLa innovaci√≥n es importante para los equipos de Auditor√≠a Interna‚Äù Fabi√°n Pedrozo, Gerente de Auditor√≠a Interna de @KiaParaguay en el #CLAI2019 @iaipy @Auditores_LATAM @InstitutoIAIA"
2019-10-16T23:30:24.000Z,"Hoy vistamos @EnsenaxParaguay una organizaci√≥n que busca un acceso a una educaci√≥n de calidad,que fortaleciendo el pensamiento cr√≠tico,el compromiso con la sociedad,la creatividad y la innovaci√≥n,creando consciencia y educando para tener un acceso una mejor calidad de vida."
2019-10-16T18:41:54.000Z,"Cervepar lanza Accelerator 100+, un concurso de innovaci√≥n para emprendedores@ElSalon1020am @hector_rubin @josejosemadrid http://nanduti.com.py/2019/10/16/cervepar-lanza-accelerator-100-concurso-innovacion-emprendedores/‚Ä¶"
2019-10-16T18:32:00.000Z,"Cervepar, en alianza con Koga y con el apoyo de Pacto Global Paraguay, lanz√≥ el concurso de innovaci√≥n abierta Accelerator 100+ que busca impulsar el progreso y la innovaci√≥n, mediante el apoyo a emprendimientos@hector_rubin @nanduti @josejosemadrid"
2019-10-16T18:28:53.000Z,"Estamos en comunicaci√≥n con Adi Mindikowski, jefe de Asuntos corporativos y legales de @cervepar_ quien nos comenta sobre el lanzamiento de Accelerator 100+, concurso de innovaci√≥n abierta para emprendedores@hector_rubin @nanduti @josejosemadrid"
2019-10-16T13:07:48.000Z,Feliz ! Desde tempranito trabajando como maestra de ceremonias de la jornada de innovaci√≥n empresarial de la mano de @claropy   & @huaweimobilepy 
2019-10-15T14:43:50.000Z,@sebagar8 preg√∫ntale si hay alg√∫n plan de innovaci√≥n para eliminar los eternos tickets o vales de combustible que se usan como cajero autom√°tico con los playeros . Con la tarjeta de flota se puede adaptar anillos de control al tanque del m√≥vil que si puede recibir la carga
2019-10-06T18:49:43.000Z,Hoy nuestra Consultora en Innovaci√≥n cuenta su historia de vida en una charla organizada por @reeducapy #GirlPowered
2019-10-06T15:31:21.000Z,Estas nuevas herramientas de conocimiento debemos promover e incentivar de acuerdo a las necesidades del mercado! Tenemos que familiarizarnos con la innovaci√≥n y dejar nuestra zona de confort.https://ticbeat.com/educacion/que-es-un-bootcamp-y-por-que-puede-revolucionar-tu-carrera-profesional/‚Ä¶
2019-10-06T03:16:27.000Z,"¬°Qu√© gusto ir a @campuspartypy! Una verdadera fiesta de #creatividad, #innovaci√≥n, #emprendimiento y #tecnolog√≠a Made in . ¬°Por m√°s eventos que nos encuentren unidos y nos motiven a seguir promoviendo #innovaci√≥n y #tecnolog√≠a para transformar nuestro pa√≠s!  #TigoCampusParty"
2019-10-05T11:18:14.000Z,"Delchaco, la innovaci√≥n fluvial para el transporte @5diasPY http://5dias.com.py/?p=164946"
2019-10-05T00:27:56.000Z,Continuamos desde la arena de #TigoCampusParty  con miles de j√≥venes paraguayos aficionados a la tecnolog√≠a y la innovaci√≥n
2019-10-04T20:56:31.000Z,Muchas gracias @campuspartypy por la invitaci√≥n y a tod@s l@s que siguieron la charla sobre #storytelling.  Cu√°nta energ√≠a! #innovacion #TigoCampusParty
2019-09-30T12:06:33.000Z,"¬øTe gustar√≠a formar parte del Equipo Impulsor para elaborar la Estrategia Nacional de #Innovaci√≥n? Buscamos personas destacadas de la academia, el sector civil y el empresarial que Ad Honorem aporten su tiempo y conocimientos.  Postul√° hasta el viernes 4/10."
2019-09-28T19:09:08.000Z,"Un privilegio poder implementar innovaci√≥n tecnolog√≠a en la producci√≥n horticola para seguir avanzando con lo mejor para nuestro pa√≠s, un orgullo poder participar de √©ste proyecto!! @FcytUnca @FCP_UNCA @figueredoed"
2019-09-28T00:08:32.000Z,"Culminamos semana c/ una conversaci√≥n informal e/ j√≥venes del ecosistema de innovaci√≥n y tecnolog√≠a y Zheng Huang, visitante @EF_Fellows de Silicon Valley; hablamos de las fortalezas y desaf√≠os para crecer, su experiencia, p/ fortalecer nuestras iniciativas "
2019-09-27T22:17:01.000Z,"Premio a la Innovaci√≥n 2019  en el #encuentromipymes con Briam Falc√≥, de 4to a√±o de Business Informatics  como jurado @ Uni√≥n Industrial Paraguaya - UIP https://instagram.com/p/B27lyuRDF_n/?igshid=ofwndksy2f7c‚Ä¶"
2019-09-27T21:35:40.000Z,Coahing + Innovacion en Uni√≥n Industrial Paraguaya - UIP https://instagram.com/p/B27hEDzDVYJ/?igshid=1vzl0iu9zu4mk‚Ä¶
2019-09-13T23:36:03.000Z,"Me siento privilegiada, amola @UIP_py ustedes me vieron crecer, hoy estoy orgullosa de ser embajadora del Coaching Paraguayo, amo mi tierra, mi gente y quiero sembrar innovaci√≥n y transformaci√≥n en nuestro Paraguay, as√≠ como lo est√°n haciendo uds!Gracias por este encuentro!"
2019-09-13T01:30:33.000Z,"Un gusto exponer en el ‚ÄúDiplomado en Procesos de #Innovaci√≥n en #Econom√≠aCreativa‚Äù.Conoc√≠ profesionales de distintas ramas interesados en darle valor agregado (y econ√≥mico) a sus proyectos creativos. Esfuerzo coordinado entre #InstitutoDesarrollo, #Fundaci√≥nCIRD y @IDB_Lab."
2019-09-12T20:50:12.000Z,Muchas felicidades a la Primera Promoci√≥n de Egresados de nuestro Curso de Oratoria; una Innovaci√≥n que gener√≥ la Coordinaci√≥n de Emprende del @Sinafocal dirigida por el Abog Javier Doldan y el Prof @alonso1181 
2019-09-12T20:02:47.000Z,‚ÄúLa innovaci√≥n no es otra cosa que hacer las cosas diferentes para bien‚Äù Gloria Ortega#IdeasQueNosConectan #GramoExponegecios
2019-09-11T23:18:03.000Z,¬°Viv√≠ la experiencia de la innovaci√≥n en el descanso con los beneficios que la Cooperativa Universitaria y Materassi te brindan de manera exclusiva! Comprando con tus #TarjetasDeCr√©ditoCU 
2019-09-11T22:06:24.000Z,Muy inspiradora la Gran Final del Open Talent 2019 @BBVAParaguay y @Seedstars. Gran plataforma que muestra al  los mayores talentos paraguayos. ¬°Por m√°s espacios como este y por m√°s apuestas a nuestro ecosistema de #innovaci√≥n! ¬°Gracias por la invitaci√≥n!
2019-09-10T22:34:30.000Z,Es momento de sanear todo el sistema de innovacion en el pais. Es necesario un cambio generacional de todos los actores. Todos deben renunciar incluyendo el consejo. Minimo.
2019-08-28T20:54:50.000Z,No gur√∫ yo me tom√© cursos de innovaci√≥n ah√≠ y de izquierda no tienen nada . Al contrario financian a empresas y proyectos que sean rentables. Yo llev√© jn proyecto de ense√±anza gratuita y no me financiaron nada por no generar monetizaci√≥n.A frigor√≠fico guaran√≠ le dieron 50 mil us
2019-08-28T00:46:58.000Z,Iniciamos el di√°logo para la confirmaci√≥n de la ESTRATEGIA NACIONAL DE INNOVACI√ìN en el #ParaguayDeLaGente 
2019-08-27T23:47:29.000Z,En este momento se est√°  presentado el proceso acordado colectivamente para comenzar a trabajar en la Agenda Nacional De Innovaci√≥n #InnovaPy
2019-08-27T23:42:57.000Z,#2i5a√±os INDUSTRIAS de INNOVACION  con el gran  Genio @KebinLomax #AYO Gracias por la invitaci√≥n
2019-08-27T23:40:08.000Z,Usan tanto la palabra innovaci√≥n √∫ltimamente que tengo miedo que la rompan
2019-08-27T22:50:31.000Z,Iniciamos el di√°logo para la confirmaci√≥n de la ESTRATEGIA NACIONAL DE INNOVACI√ìN en el #ParaguayDeLaGente 
2019-08-14T00:15:20.000Z,#LaFrase #GramoEdici√≥n50#innovaci√≥n
2019-08-13T20:26:52.000Z,Un importante paso para poner a la #innovaci√≥n como prioridad de Gobierno 
2019-08-13T10:33:36.000Z,La tecnolog√≠a y la innovaci√≥n deben ser significativas y accesibles. Vea nuestras herramientas del comercio para crear soluciones para los desaf√≠os de desarrollo global de nuestro tiempo  @UNDP @PNUDPARAGUAY
2019-08-10T22:03:01.000Z,"Hoy nos divertimos y aprendimos en el @asumakerfaire en @ElMariscal: un espacio de #innovaci√≥n, #creatividad, #invenci√≥n y #arte. ¬°La #Econom√≠aNaranja en su m√°xima expresi√≥n!@laembajada @Staelenglish @sol_colegio  #AsuncionMakerFaire"
2019-08-10T19:06:34.000Z,"Industria!Sin√≥nimo de trabajo, empleo, desarrollo, innovaci√≥n, mejora econ√≥mica y todo lo que contribuya a un pa√≠s mejor!Felicidades @javierjviveros y toda la familia!"
2019-08-09T13:30:44.000Z,"En @becalpy seguimos trabajando de forma intensiva generando #CapitalHumano. Culmina el 2do grupo de especializaci√≥n en Innovaci√≥n de la Gestion Educativa en la @ucatolica @centre_uc ; se prepara p/ salir el 3ero, completando as√≠ 200 profesionales del @MECpy. #ParaguayDeLaGente"
2019-08-05T23:00:50.000Z,"Pero el gobierno suizo s√≠ cre√≥ los puentes necesarios entre las universidades, incubadoras, y la industria. ‚ÄúPuentes‚Äù (programas, incentivos, pol√≠ticas) que unen estudiantes, laboratorios, empresas e inversionistas para que puedan dirigir mejor el tim√≥n de la #innovaci√≥n."
2019-08-05T22:41:45.000Z,"En Suiza, el gobierno no dirige la #innovaci√≥n. Eso lo deja en manos de los centros de investigaci√≥n y las empresas, inclusive las decisiones de fondos p√∫blicos para la innovaci√≥n."
2019-07-26T01:43:28.000Z,Agradecemos la visita a nuestras oficinas del Viceministro de @Miticpy Miguel Martin @mmartinpy y al Director de Innovaci√≥n y Econom√≠a Digital Sebastian O.Fiorio @SebiOF para debatir con miembros de la Camara Paraguaya de Fintech @FintechParaguay el alcance sobre #agendadigital
2019-07-24T13:03:09.000Z,"Es imposible tenerle pena a un grupo de personas que se rehusa a unirse a la innovaci√≥n y con una visi√≥n tan corta. La soluci√≥n es muy simple: que regulen sus precios y mejoren su servicio. No se pueden retrasar avances como MUV y Uber, la √∫nica manera de competir es renovarse."
2019-07-24T11:06:06.000Z,"Van a aprobar una ordenanza razonable en la Junta Municipal, distinta a propuesta inicial hecha a medida de roscas taxistas.Aunque a varios les pese, se ven obligados a dar la espalda a negociados y chantajes para escuchar el reclamo ciudadano de abrir puertas a la innovaci√≥n."
2019-07-24T10:49:43.000Z,"Aunque lo hagan a rega√±adientes, hoy los Concejales retroceden a su delirio inicial de cerrar puertas a @app_muv y @Uber, y ceden ante el reclamo ciudadano para abrir puertas a la innovaci√≥n.En unos d√≠as reforzamos con una Ley moderna en el Congreso.Lindo d√≠a Paraguay."
2019-07-24T03:51:22.000Z,"En #Paraguay buscamos igualdad en oportunidades laborales, con una iniciativa de regular la innovaci√≥n tecnol√≥gica y avances en servicios de  #transporte @mopcparaguay @PedroDBritos @apc_py @PIARC_Roads @ArnoldoWiens"
2019-07-24T00:52:54.000Z,"#NiMUVniUBERniTaxi se viene el KarumbeMoto! Y noooo! Inaceptable la innovaci√≥n que atenta contra la cultura aguante la ciudad andariega y culta!     Hombre cre√≥ ""Karumbemoto"" en Villarrica https://youtu.be/WQrFIGnKxoM v√≠a @YouTube"
2019-07-22T14:05:44.000Z,"¬°Escuch√° nuestro nuevo Podcast!Entrevistamos a @GustavoMonaco experto en OTT e Innovaci√≥n Digital sobre la TV por streaming y el futuro de la televisi√≥n. http://Television.com.py/Podcast O en Spotify, TuneIN, Apple"
2019-07-22T02:30:21.000Z,"No hay que poner ninguna traba a la innovaci√≥n. Lo que hay que hacer es desmontar el sistema corrupto que es negocio para varios pol√≠ticos y dirigentes del gremio taxista.Eliminar el sistema corrupto, asegurar√° igualdad de oportunidades para todos."
2019-07-21T18:06:04.000Z,"#Expo2019 Con masiva participaci√≥n de visitantes en el stand de #ItaipuBinacional se desarroll√≥ la charla sobre ‚ÄúComputaci√≥n Ubicua‚Äù, a cargo de los profesionales del √°rea de Tecnolog√≠a de la Informaci√≥n y Comunicaci√≥n del #PTIPy. #Tecnolog√≠aParalaGente#Innovaci√≥n"
2019-07-21T13:12:40.000Z,#Expo2019Hoy en el stand de la #ItaipuBinacional tendremos charlas innovadoras a cargo de los profesionales del #PTIPy. ¬°Te esperamos! #Tecnolog√≠aParalaGente #Innovaci√≥n
2019-07-20T17:55:36.000Z,Charlas de innovadores del PTI en el stand de Itaipu Binacional en la Expo MRA 2019.#Expo2019#Tecnolog√≠aParalaGente#ItaipuBinacional #Innovaci√≥n #PTIPy
2019-07-19T00:44:44.000Z,#Expo2019 promocionando las ‚Äúcarreras del futuro‚Äù con tecnolog√≠a aplicada y con mucha #innovaci√≥n #steam Nos conectamos #academia #Industria y #gobierno  @cisoft @fpuna @MTESS_PY
2019-07-18T17:33:51.000Z,No se puede hacer frente a la innovaci√≥n de esta manera. Es una guerra perdida. A la innovaci√≥n s√≥lo podes enfrentarla con mejores innovaciones.
2019-07-18T03:09:12.000Z,"La Noche de la Innovaci√≥n se llev√≥ a cabo en #LaGranEstaci√≥n , stand del CONACYT, en la Expo MRA 2019. En la ocasi√≥n fueron presentados al p√∫blico  varios proyectos con base tecnol√≥gica que son ejecutados por el programa PROINNOVA del CONACYT "
2019-07-18T01:03:25.000Z,"#Expo2019 En el stand de #ItaipuBinacional el Ing. Juan Domanizcky del #PTIPy habl√≥ sobre ‚ÄúRuta Verde‚Äù, con el fin de incentivar la movilidad el√©ctrica en El pa√≠s, aprovechando la abundante energ√≠a limpia y renovable de Itaipu.#Tecnolog√≠aParalaGente #Innovaci√≥n"
2019-07-17T21:04:41.000Z,#Expo2019 En estos momentos culmin√≥ el taller para ni√±os: ‚ÄúDesarrollando el Pensamiento Computacional‚Äù a cargo de los profesionales del #PTIPy en el stand de @itaipuparaguay. #Tecnolog√≠aParalaGente #Innovaci√≥n #ItaipuBinacional
2019-07-16T23:42:52.000Z,"Yacyret√° recibe el premio al mejor stand en tecnolog√≠a e innovaci√≥n, por parte de la Comisi√≥n Coordinadora Central de la XXVIIIa. edici√≥n de la @expomariano2019. En nombre de la EBY recibe el Consejero V√≠ctor Miranda Ocampo recibe el galard√≥n."
2019-07-10T21:47:39.000Z,"La @ebypy y la @contraloriapy , firmaron un convenio para implementar programas, proyectos y  actividades de apoyo interinstitucional para innovaci√≥n de procesos de rendici√≥n de cuentas. Rubricaron el documento el Director de la EBY @NicanorDF y el Contralor @camilobenitez23"
2019-07-10T16:48:06.000Z,"El mismo tiene por objeto implementar programas, proyectos y actividades de apoyo interinstitucional en los que se fomente la cooperaci√≥n y colaboraci√≥n para el desarrollo de pol√≠ticas orientadas a la innovaci√≥n de los procesos de rendici√≥n de cuentas a la CGR,"
2019-07-10T14:14:55.000Z,"Plan vs Real 6/66 en Excelencia 6 en Innovaci√≥n6 en Pasi√≥n6 en Intensidad 6 en Ambici√≥n 6 en Equilibrio  Mi familia Hen√≥i! Lo logramos #Handover en Asunci√≥n, Paraguay https://instagram.com/p/BzvT0tkD_Vc_jbNWH4XFnBnrBz0pwNwOdP8IXU0/?igshid=e1y7gx18kkwe‚Ä¶"
2019-07-10T11:51:17.000Z,Otro ‚ÄúPremio a la Innovaci√≥n‚Äù de @AsuncionMuni Se suma a @app_muv y @TopaApp y casualmente las tres tocan alg√∫n bot√≠n pol√≠tico.¬øQu√© otra iniciativa innovadora conocen que haya surgido y la misma Municipialidad se haya encargado de trancar?
2019-07-10T11:21:23.000Z,Los servicios que prestan MUV y UBER no pueden ser prohibidos o eliminados. Estar en contra de la innovaci√≥n es una empresa sin futuro. Los taxistas de Asunci√≥n han demostrado ser abusivos en su accionar y desmedidos en sus reclamos
2019-07-10T02:44:19.000Z,"Yo estoy re a favor de los taxistas, no puede ser que el crecimiento y la innovaci√≥n cambie nuestro pa√≠s, nos merecemos nada. *Abraza a un taxista ANG√Å*"
2019-07-08T15:28:03.000Z,"#CampusParty2019 viene a Paraguay, y se suma a los 79 pa√≠ses que viven la experiencia de la innovaci√≥n"
2019-07-08T12:59:52.000Z,"#Expo2019 Te esperamos hoy para las charlas sobre: Experiencias de Divulgaci√≥n Cient√≠fica, Discapacidad en la Era Digital y Actuaci√≥n en Geolocalizaci√≥n, que se realizar√°n en nuestro stand.  La tem√°tica es Innovaci√≥n.  #ITAIPUBinacional#Energ√≠aParaLaGente"
2019-07-07T00:41:34.000Z,Test de innovaci√≥n para emprendedores: Un elemento que resulta √∫til para medir la capacidad innovadora.Din√°micas de Creatividad: Intercambios l√∫dicos para potenciar la capacidad que los emprendedores tengan para poder encaminar mejor sus ideas de negocios.
2019-07-05T16:57:20.000Z,"‚ÄúEl valor de la innovaci√≥n no est√° en evitar que te copien, sino conseguir que todos te quieran copiar‚Äù @laconsolidada 58 a√±os trabajando para y con nuestros Asegurados"
2019-06-08T12:41:10.000Z,Marca paraguaya con nivel y jerarqu√≠a internacional @kyriossport innovaci√≥n y buen gusto en el deporte @LuisBogado2
2019-06-08T01:37:00.000Z,Innovaci√≥n o extinci√≥n 
2019-06-04T17:45:24.000Z,"Con materassi_colchones #reinventamoseldescanso #momentosmaterassi #boyteks #calidad #innovaci√≥n #confort  en Asunci√≥n, Paraguay"
2019-06-04T16:07:03.000Z,"Hoy en #AlFiloDelMedioD√≠a @alfilomediodia compartimos la mesa con Federico Mora y analizamos el programa de becas al exterior @becalpy para la investigaci√≥n, innovaci√≥n y fortalecimiento de la educaci√≥n. En vivo, de 12 a 13 hs, desde Radio Chaco Boreal @1330Am."
2019-06-02T13:55:11.000Z,"Estan los influencers y los qe dan charlas de innovaci√≥n, y tambi√©n esta Perelman. "" No me interesa el dinero ni la fama; no quiero estar en exhibici√≥n como un animal en un zool√≥gico "","
2019-05-17T20:08:39.000Z,Viernes.Innovaci√≥nEl minidrone AirSelfie permite hacer selfies a distintas alturas.INNOVAR - IMPACTAR - INSPIRARhttp://jyp.com.py
2019-05-12T00:30:11.000Z,Esta es la innovaci√≥n que buscamos (?)Me entero q @waze es paraguaya! 
2019-05-11T01:33:39.000Z,"Viernes.Innovaci√≥n: CoCoon, de BeeLife, es una colmena 2.0 con un sistema t√©rmico activo y caracter√≠sticas IoT. CoCoon ayuda a las abejas a vivir m√°s tiempo, a cosechar m√°s miel y a vivir en un h√°bitat completamente adaptado; adem√°s de combatir Varroa, el √°caro que acaba con"
2019-05-07T22:15:09.000Z,¬°http://cerrito.com.py es el evento de Innovaci√≥n m√°s internacional y m√°s relevante de la Regi√≥n y vos no pod√©s faltar!
2019-05-07T16:07:54.000Z,"Otro antecedente junto al de la pelea del Pigu Garay y hace m√°s de 11 a√±os. Claramente no fue una innovaci√≥n lo de #CaneloJacobs, adem√°s de que en el reglamento figura hace casi 20. Muy buena esa memoria, Marcelo!!!"
2019-04-08T20:09:07.000Z,"Consuelo Merino Scrum Master. Dise√±adora de productos, lider de Equipos en Software Natura.  Experiencia en proyectos de innovaci√≥n para USA y desarrollos utilizando tecnologias en la nube.Conocela! MUJERES EN TECNOLOG√çA, 10/04. Inscrib√≠te gratis: https://bit.ly/2Hw1wr3"
2019-04-07T19:12:29.000Z,"Innovaci√≥n, inversi√≥n y fuentes de trabajo vs. Prebendarios, Nepotismo y Corrupci√≥n, vos eleg√≠s entre el √âxito o el Fracaso, Pasado o Futuro esa es TU ELECCI√ìN."
2019-04-04T02:29:29.000Z,"Gracias a @joelkallman, @Niall_McP y a @dbozzolo por acompa√±arnos en el Taller de Innovaci√≥n Tecnol√≥gica, en el auditorio de la UIP. Estuvo genial! #orclapex"
2019-04-02T00:53:35.000Z,"M√°s que innovaci√≥n tecnol√≥gica, necesitamos innovaci√≥n social. Urgente"
2019-03-31T14:24:21.000Z,"Gracias !! @CIRDCapacita  por hablar de @paraguayabierto @opengovpart  y compartir mi experiencia de a√±os en acceso a la informaci√≥n, rendici√≥n de cuentas, innovaci√≥n y participaci√≥n ciudadana y lo M√ÅS importante  tener todos la misma camiseta "
2019-03-29T00:06:47.000Z,"""Estamos trabajando para Usted... innovaci√≥n, como no pod√≠a ser de otra manera""  #turismo"
2019-03-14T15:08:52.000Z,"""Nos invitaron a una feria de innovaci√≥n en China y si ellos dicen que es innovador, tiene que ser innovador"" dice Mateo. #Bud66xFutureTrends #WhatsNext19"
2019-03-13T23:49:02.000Z,"Recibe el galard√≥n de MICROEMPRESAS EXITOSAS 2018, Viviana Mendoza es propietaria de Florencia. Los dise√±os de Viviana, se destacan por su innovaci√≥n, practicidad y belleza, posicionando a Florencia entre las marcas m√°s importantes en la moda nacional."
2019-03-13T00:39:12.000Z,"Hab√≠a que ganarle a U de Concepci√≥n para no perder la calma. Equipo en baja, se nos cierran y nos sabemos que hacer. 0 innovaci√≥n. A mover piezas Profe Garnero!!"
2019-03-10T21:46:46.000Z,"TALLER INTERVENCI√ìN SOCIAL SOSTENIBLE.CU√ÅNDO: JUEVES 14, de 18:00 a 20:00hsSobre innovaci√≥n social aplicado en proyectos de desarrollo comunitario, con @soychrismendez, psic√≥logo clinico, especialista en met√≥dologias educativas para jovenes en situaci√≥n de riesgo."
2019-03-10T00:11:59.000Z,"#Innovaci√≥n para la #Igualdad es el llamado de @ONUMujeres , si es as√≠ .. esperaremos los mejores cambios transformadores y nuevas soluciones para la mayor inclusi√≥n femenina en la sociedad @wdn @IRIglobal @valeriedowling @CarmenGdePorro @marucita_py @clauescobarrey"
2019-03-08T19:25:23.000Z,"A pocos d√≠as de los #PremiosADEC certamen que cada a√±o distingue a empresas y empresarios/as que realizan un importante aporte a nuestra sociedad al obtener resultados extraordinarios dentro de su sector, la innovaci√≥n y la RSE."
2019-03-08T12:25:12.000Z,"Tras varias transmisiones de la Copa Libertadores realizadas a trav√©s de Facebook, ¬øEst√°s de acuerdo con esta innovaci√≥n?."
2019-02-08T18:48:44.000Z,Leo innovaci√≥n y ya me falta el aire
2019-02-07T14:08:20.000Z,"Con el objetivo de emprender acciones coordinadas entre el MIC, la Municipalidad y la Gobernaci√≥n de Caaguaz√∫, los Viceministros @isaacgodoyl y @luisllamosasb visitan Caaguaz√∫ con miras al progreso, innovaci√≥n y generaci√≥n de fuentes de trabajo para los pobladores de la zona"
2019-02-02T13:42:30.000Z,"Arrancamos el segundo bloque, con nuestro invitado, #JuanManuelBrunetti, Presidente del Consejo de Administraci√≥n de la Universidad San Carlos. Vamos a estar hablando de #Innovaci√≥n en la educaci√≥n."
2019-01-31T23:59:14.000Z,#DobleE #E En el evento vamos a exponer diferentes metodolog√≠as √°giles d innovaci√≥n con la q pueden contar las instituciones p/ mejorar sus experiencias en el servicio d desarrollo #emprendedor y con microempresarios!Vienen desde Europa #PeterSonderegger y @escorchado11
2019-01-25T14:02:31.000Z,"@isaacgodoyl ""El premio de econom√≠a creativa que hoy se entrega es el reconocimiento a los emprendedores que se animan a presentar sus proyectos de innovaci√≥n social para sus comunidades. Con esto buscamos que las instituciones se consoliden y llevar de ejemplo a todo el pa√≠s"""
2019-01-25T13:25:04.000Z,"El objetivo del concurso es desarrollar proyectos tecno-creativos de inclusi√≥n social para mejorar la comunidad. Los criterios que se tuvieron en cuenta fueron; la innovaci√≥n, creatividad, tecnolog√≠a, dise√±o, modelo y plan de negocio,  impacto social y potencial de crecimiento "
2018-12-20T21:26:48.000Z,"Todos los canales hablan de innovaci√≥n y pea q amoa, ves los programas y es todo lo msmo desde hace 20 a√±os por lo menos."
2018-12-19T02:02:12.000Z,#MasterChefPY @aquino_euge chipa guaz√∫ en una final0 creatividad0 innovaci√≥n
2018-12-19T00:23:11.000Z,"La UPAP en conjunto con el Centro de Investigaci√≥n e Innovaci√≥n presenta una destacada publicaci√≥n sobre Rob√≥tica, Inteligencia Artificial y el Futuro del Derecho del Dr. Marcelo Corrales, Director del Centro de Investigaci√≥n e Innovaci√≥n. @upap_py @ParaguayCiencia @COGLADES"
2018-12-15T12:20:05.000Z,"Todo el apoyo para el equipo de @cisoft, ante los ataques del concejal anti innovaci√≥n @BuyeBuongermini. No podemos m√°s seguir permitiendo que pol√≠ticos improvisados y con mentalidad retr√≥grada, como √©ste, intenten regular la vida de los habitantes de Asunci√≥n."
2018-12-15T11:27:39.000Z,"Creemos en la #innovaci√≥n como fuerza transformadora capaz de mejorar la calidad de vida de las personas. Empresarios, Academia y Gobierno coordinando y pensando JUNTOS donde queremos llegar  #InnovaPy"
2018-12-14T11:56:23.000Z,"Pese a la alta demanda que hubo esta ma√±ana, (a estas horas siempre son menos los muvers conectados). La iniciativa es genial, 100% de ganancia para ellos de parte de la empresa. Taxis, o cualquier servicio deber√≠a entender que la competencia y la innovaci√≥n lleg√≥. @app_muv "
2018-12-04T16:10:12.000Z,"APROBADO pedido de informe a @AsuncionMuni para entender intenci√≥n de perseguir iniciativas PRIVADAS como @app_muv y sobre otros servicios de transporte en la ciudad.No podemos ir contra la innovaci√≥n, como opci√≥n de trabajo para j√≥venes y medio de transporte para asuncenos!!!"
2018-12-04T14:13:51.000Z,"‚ÄúNo se puede perseguir a la innovaci√≥n, no se puede ir en contra del esp√≠ritu emprendedor de los j√≥venes paraguayos‚Äù "
2018-12-04T13:53:45.000Z,"Impulsamos esta iniciativa entre el sector p√∫blico y privado. La Movilidad El√©ctrica es industria, tecnolog√≠a e innovaci√≥n, ahorro, menor dependencia energ√©tica y mayor calidad ambiental. Lleg√≥ para ser el futuro y debemos anticiparnos para que llegue bien y en beneficio de todos"
2018-12-04T02:39:52.000Z,"Por favor no seamos de cuarta, q la mafia no le gane a innovaci√≥n, dejemos de dar hermosos discursos y hagamos algo, dejemos de ser aldeanos y seamos ciudadanos del mundo, Les pido a todos los verdaderos patriotas que apoyen y usen apps como @app_muv no se dejen intimidar!"
2018-12-03T22:29:36.000Z,Que recurso‚Äôi de @Ferreiromario1 y la @AsuncionMuni con el argumento del marco legal para frenar a @app_muv y Uber. Uno de los mayores frenos al incentivo del desarrollo de la innovaci√≥n son las legislaciones desfasadas y la burocracia in√∫til.
2018-12-03T21:47:00.000Z,Comunicado de la Asociaci√≥n de Emprendedores del Paraguay @SomosASEPY sobre la postura municipal contra la innovaci√≥n  @app_muv
2018-12-03T20:17:52.000Z,Por qu√© se teme tanto a la innovaci√≥n? http://blog.bimsapp.com/evolucion-industrias/‚Ä¶Fuerza @app_muv ! De parte de todo el equipo de @tivahq y @bimsapp .
2018-12-03T17:03:03.000Z,#Investigaci√≥n  + #desarrollo + #innovaci√≥n mejoran las prestaciones y los beneficios ambientales para lograr una verdadera #economiacircular en las #carreteras @CirtecCT @apc_py @Cavialpa @capaco_oficial @mopcparaguay @PIARC_Roads
2018-12-03T16:57:16.000Z,#Investigaci√≥n  + #desarrollo + #innovaci√≥n mejoran las prestaciones y los beneficios ambientales para lograr una verdadera #economiacircular en las #carreteras @CirtecCT @apc_py @Cavialpa @capaco_oficial @mopcparaguay @PIARC_Roads
2018-11-29T21:50:15.000Z,"""Tenemos un vivero de innovaci√≥n con nuestras 31 oficinas en todo el pa√≠s. No hay organizaci√≥n financiera en el mundo que haya alcanzado la nota m√°xima en la medici√≥n de microfinanzas sociales"" @martinburt en la entrega de los Premios Visionarios Juscelino Kubitschek "
2018-11-19T16:33:40.000Z,"Con el equipo de #ParticipaPY, (@jorgesaldivar, Luca Cernuzzi, @RebeArteta, Marcelo Alcaraz) recibimos menci√≥n honor√≠fica del Premio Nacional de Ciencia 2018, otorgado por el Congreso Nacional, a nuestro trabajo: Tecnolog√≠a C√≠vica para la Innovaci√≥n Social https://researchgate.net/publication/325323175_Civic_Technology_for_Social_Innovation_A_Systematic_Literature_Review‚Ä¶"
2018-11-18T23:03:18.000Z,.@arovia te espera para compartir las buenas pr√°cticas sobre innovaci√≥n en territorio.              #InnovAcci√≥n Estar√°n representantes de @superarpobreza de Chile   Confirma tu presencia en http://bit.ly/seminarioinnovaccion‚Ä¶
2018-11-11T16:56:11.000Z,"Centros de incubaci√≥n, universidades, StartUps, innovaci√≥n, econom√≠a creativa, atracci√≥n de inversiones, emprendimientos sociales y proyectos empresariales ahora en la prioridad del Gobierno Nacional!El #ParaguaydeLaGente va dar ese salto cualitativo y sumamente importante!"
2018-11-08T19:54:19.000Z,"Presentaci√≥n de mi ponencia: ""La Propiedad Intelectual y la Innovaci√≥n en la academia"" en el marco del ""III Encuentro de Investigadores de la Sociedad Cient√≠fica del‚Ä¶ https://instagram.com/p/Bp7orJJnZ28/?utm_source=ig_twitter_share&igshid=qilmoexb9ex6‚Ä¶"
2018-11-07T11:51:35.000Z,"Estoy en el IBM innovation day, y la presentaci√≥n la hacen con un Mac, ohh, ser√° esa la innovaci√≥n?"
2018-11-06T10:43:24.000Z,"2) de 2015 a 2025, reducci√≥n de las diferencias con los pa√≠ses m√°s avanzados; de 2025 a 2035, refuerzo de la posici√≥n china; de 2035 a 2045, convertirse en vanguardia de la innovaci√≥n mundial."
2018-11-01T17:27:40.000Z,"Reuni√≥n con el director de Innovaci√≥n de GLOBALIA, Luis Ureta, con respecto a la implementaci√≥n de acciones conjuntas entre Paraguay y la prestigiosa organizaci√≥n internacional."
2018-10-28T22:47:25.000Z,Jair Bolsonaro dio su primer discurso como Presidente electo de Brasil v√≠a Facebook Live. Potente se√±al a los medios tradicionales.La innovaci√≥n en la comunicaci√≥n es urgente.
2018-10-27T11:55:41.000Z,"Revisando el plan siendo m√°s ambiciosos, acciones concretas para todos nosotros  #datos #mejorcalidadevida #aip #innovaci√≥n"
2018-10-08T21:07:07.000Z,#InteligenciaArtificial al servicio de la #Educaci√≥n #Innovaci√≥n
2018-10-07T22:42:33.000Z,"Hoy me puse a analizar a Apple desde la salida de Steve Jobs, y me di cuenta que la innovaci√≥n qued√≥ decadente, piensan que yo me voy a comprar un nuevo modelo por el solo hecho de que su c√°mara saca con profundidad, I‚Äôm mean.. C‚ÄôMON DUDE!"
2018-10-06T14:37:35.000Z,"En el segundo bloque nos acompa√±a Mauri Rivas, co fundador de MUV. Hablamos sobre su emprendimiento y est√° innovaci√≥n en nuestro pa√≠s"
2018-10-05T13:20:25.000Z,En #ideAccion2018 de la mano de @KogaImpactLab M√°s de 500 personas demuestran que el emprendimiento y la innovaci√≥n cotiza al alza en #Paraguay #movamosalmundo
2018-10-05T03:24:26.000Z,"Aplausos de pie para @elsurti. Eleva la vara, muestra el camino, disipa el humo y nos invita a mejorar en calidad e innovaci√≥n. Salud y que sigan √©xitos"
2018-10-04T03:37:19.000Z,"Innovaci√≥n & emprendedurismo. Paraguay necesita m√°s ‚ÄúMarcos Riquelmes‚Äù; m√°s galletitas; m√°s mercados; m√°s j√≥venes que agreguen con sus talentos, valor a nuestros productos @mriquelme1 @MIC_PY"
2018-10-03T13:22:09.000Z,"Con la presencia del Presidente @MaritoAbdo y el Ministro @ArnoldoWiens presentamos 22 buses 0 km de la l√≠nea 44 XIMEX SA con rampas para personas con discapacidad, aire acondicionado y servicio de WiFi. Los usuarios se merecen Transporte de calidad, seguridad e innovaci√≥n."
2018-09-28T22:02:57.000Z,"El #D√≠aMundialdelTurismo 2018 se celebr√≥ ayer, 27 de septiembre en Budapest (Hungr√≠a), con una ceremonia centrada en la transformaci√≥n digital en el turismo, una prioridad de la @UNWT. Se abord√≥ c√≥mo la inversi√≥n en nuevas tecnolog√≠as brinda oportunidades de innovaci√≥n al sector."
2018-09-28T15:43:46.000Z," Un honor ser parte del @sntcanal9! Desde 1965, la innovaci√≥n se volvi√≥ parte integral de nuestro ADN.Evolucionamos constantemente para llegar hasta vos a trav√©s de m√∫ltiples plataformas, porque donde est√°s vos, estamos nosotros.#SNT53A√±os"
2018-09-27T18:45:52.000Z,"La ministra de turismo, @Sofiaemontiel particip√≥ en el festejo de la @UNWTO por el #DiaInternacionalDelTurismo  en Budapest. Durante un panel se enfoc√≥ en la creaci√≥n de productos acordes al turismo, creatividad, emprendedurismo, innovaci√≥n y nuevas tecnolog√≠as."
2018-09-13T13:58:10.000Z,"Di√°logo de Tecnolog√≠a e Innovaci√≥n Educativa con @TomasDeCamino.""Fabricaci√≥n Digital y Espacios Maker""#10a√±osPyEduca"
2018-09-13T10:31:12.000Z,Nos quedan 3 lugares para el curso de INNOVACI√ìN.. Todo listo para hoy! M√°s Info; 021 333225/7
2018-09-12T17:53:33.000Z,"Excelente @somosptf evento de clase mundial, el primer paso a la innovaci√≥n es la inspiraci√≥n #ideasqueconectan en Paseo La Galer√≠a"
2018-09-11T21:25:24.000Z,La innovaci√≥n es el √∫nico camino para ganar 
2018-09-09T15:08:00.000Z,#Repost @morenatoro (get_repost)„Éª„Éª„ÉªMorena Toro en el desfile de PRODI/AFW ! Hoy a partir de las 18:00hs en el @hotelvillamorra #morenatoro #prodi #dise√±o #innovaci√≥n #Paraguay en Hotel‚Ä¶ https://instagram.com/p/BngoNnYgJiB/?utm_source=ig_twitter_share&igshid=hpuowq93pady‚Ä¶
2018-09-07T22:00:27.000Z,"VI Congreso Regional Internacional 2018""Innovacion Educativa. Nuevos Retos hacia una Educacion de Excelencia"" en Polideportivo Municipal Paraguar√≠ https://instagram.com/p/BncN2C3n4oD/?utm_source=ig_twitter_share&igshid=s9kcwc6ar6e4‚Ä¶"
2018-09-07T21:01:44.000Z,Innovaci√≥n Es tan f√°cil... es tan lindo!Bien por @SaraComercial y el @IPSParaguay !
2018-09-06T12:36:38.000Z,"Este jueves 13 queremos mostrarte nuevas t√©cnicas de innovaci√≥n que mejoren tu gesti√≥n. Responder c√≥mo hacer mejor lo qu√© haces, es lo que queremos hacer!  Inscribite!! #AccionCapacita  021 333225/7"
2018-08-25T19:42:53.000Z,Secci√≥n innovaci√≥n de la revista Vida! Gracias @ronald_rrhh revistavidauhpablenchamorro http://quasar.py‚Ä¢‚Ä¢‚Ä¢‚Ä¢‚Ä¢‚Ä¢‚Ä¢‚Ä¢‚Ä¢‚Ä¢‚Ä¢‚Ä¢#quasarpy #electricbike #interview #innovacion #innovation‚Ä¶ https://instagram.com/p/Bm6fw8iAenT/?utm_source=ig_twitter_share&igshid=1k3iz4p0i8eme‚Ä¶
2018-08-25T19:39:40.000Z,Buen√≠sima la nota en la secci√≥n innovaci√≥n de la revista Vida! Gracias @ronald_rrhh revistavidauh pablenchamorro http://quasar.py ‚Ä¢‚Ä¢‚Ä¢‚Ä¢‚Ä¢‚Ä¢‚Ä¢‚Ä¢‚Ä¢‚Ä¢‚Ä¢‚Ä¢#quasarpy #electricbike #interview‚Ä¶ https://instagram.com/p/Bm6fZingr3m/?utm_source=ig_twitter_share&igshid=a0tjwjfw1suu‚Ä¶
2018-08-25T19:35:49.000Z,"Buen√≠sima la nota en la secci√≥n innovaci√≥n de la revista Vida! Gracias @ronald_rrhh revistavidauh pablenchamorro http://quasar.py @ Asunci√≥n, Paraguay https://instagram.com/p/Bm6e9ScA9Gf/?utm_source=ig_twitter_share&igshid=jct6fd4y297k‚Ä¶"
2018-08-23T12:22:37.000Z,La Tr√≠ada. Universidades latinoamericanas forman alianza para impulsar la innovaci√≥n educativa y la investigaci√≥n https://observatorio.itesm.mx/edu-news/2018/8/16/universidades-latinoamericanas-forman-alianza-innovacion-educativa-investigacion#.W36myxVQj3Y.twitter‚Ä¶
2018-08-23T00:18:19.000Z,"""Mayor cantidad y calidad de investigaci√≥n cient√≠fica genera el crecimiento de la innovaci√≥n"" - Laura Altschuler#cacopi #emprendedurismo #innovacion"
2018-08-22T23:20:43.000Z,Elkem fabrica ferrosilicio de alta calidad. Se usa como insumo para la producci√≥n de acero y de aluminio. Elkem apunta adem√°s a ser l√≠der en innovaci√≥n en el uso y la producci√≥n sostenible de biomasa  https://t.co/9oiMKEDMZz
2018-08-22T18:51:03.000Z,"LG Electronics lanza su nueva Campa√±a Sumate al Mundo Premium Asunci√≥n, Paraguay - 22 de agosto de 2018 - LG Electronics, en su constante b√∫squeda por la innovaci√≥n y la tecnolog√≠a,‚Ä¶ https://instagram.com/p/Bmyrc_tndxj/?utm_source=ig_twitter_share&igshid=1l4modhs6c8yw‚Ä¶"
2018-08-22T18:49:22.000Z,"LG Electronics lanza su nueva Campa√±a Sumate al Mundo Premium Asunci√≥n, Paraguay - 22 de agosto de 2018 - LG Electronics, en su constante b√∫squeda por la innovaci√≥n y la tecnolog√≠a,‚Ä¶ https://instagram.com/p/BmyrQdSHXId/?utm_source=ig_twitter_share&igshid=btl59q0amp94‚Ä¶"
2018-08-19T01:27:54.000Z,"Curso de innovaci√≥n y marketing deportivo, punta pie inicial para los objetivos pr√≥ximos. Agradecido con el profesor @edgar_romero_10 por las ense√±anzas y la calidad humana, tambi√©n a mis compa√±eros que tambi√©n aprend√≠ mucho de ellos. "
2018-08-01T22:00:40.000Z,Listos para comenzar la segunda parte del Foro Internacional de Investigaci√≥n e Innovaci√≥n en UPAP con @ivansuazo @gutierrezmorag1 @VeroViedma @gniklander #HacemosCiencia
2018-08-01T21:20:35.000Z,"Muy interesante la conversaci√≥n con Patricia, tenemos que incentivar y premiar la innovaci√≥n en el Paraguay, es el futuro de la econom√≠a"
2018-07-30T16:34:54.000Z,Vine a darle mi bat√≥n  ahq (@ Mongar√∫ - Estudio De Innovaci√≥n in Asuncion w/ @mvinsfran) https://swarmapp.com/c/byberWoF9dg
2018-07-29T22:15:24.000Z,Innovacion = Nuevas Formas para lo Conocido 
2018-07-25T13:00:31.000Z,¬øCu√°les son las necesidades en tecnolog√≠a e innovaci√≥n de los centros educativos? https://educaciontrespuntocero.com/convocatorias/encuentrosycongresos/tecnologia-innovacion-edelvives-y-google/88084.html‚Ä¶ v√≠a @educacion3_0En el Paraguay debemos optar por estos modelos. Es posible!
2018-07-25T12:58:49.000Z,Te ofrecemos fortalecer tus capacidades en; Oratoria y Argumentaci√≥n con @natisosajovella  Innovaci√≥n y Gesti√≥n con @yansperanza  Actualizaci√≥n en Derecho Constitucional con @HEstigarribia  Actualizaci√≥n en Derechos Humanos y Anticorrupcion @ElodiaAlmiron
2018-07-23T14:44:41.000Z,"Felicitamos a todos los ingenieros en su d√≠a y les agradecemos por su labor comprometida con la innovaci√≥n, con el mejoramiento de la sociedad y con el desarrollo de nuevos conocimientos."
2018-07-11T00:04:33.000Z,El CONACYT lleva a cabo ‚ÄúLa Noche de la Innovaci√≥n‚Äù: Presentaci√≥n oficial de #PROINNOVA 
2018-07-10T23:34:45.000Z,"#Innovacion #ExpoMRA (@ Asociacion Rural del Paraguay in Mariano Roque Alonso, Paraguay) https://swarmapp.com/c/b13tw0vIkPS"
2018-07-10T00:26:40.000Z,Mis alumnos de Innovaci√≥n Empresarial en pleno trabajo de an√°lisis. en Posgrado Universidad Columbia https://instagram.com/p/BlB-p7Ygr_TZ3LahPIApkf2XVzzVeJt6G-cxWs0/?utm_source=ig_twitter_share&igshid=kjiak4z9gwbf‚Ä¶
2018-07-02T23:58:45.000Z,Alg√∫n problema de negocio que no se resuelve con comunicaci√≥n = Innovaci√≥n.Una gran oportunidad #Marcas #apuntesalpaso
2018-06-29T18:11:24.000Z,#Innovaci√≥n #YerbaMate Les presento los Mate Greenies! Brownies con con Yerba Mate!
2018-06-26T17:17:05.000Z,"Hoy, en ProNoticias de @canalpropy, nuestra directora de Patrimonios Tur√≠sticos Gabriela Rolandi, estuvo comentando todo acerca de lo que fue la inauguraci√≥n del #Mapping3D en la Misi√≥n de Jes√∫s de Tavarangu√© y lo que significa para el turismo nacional y regional esta innovaci√≥n."
2018-06-10T23:28:19.000Z,"Felicitaciones a los amigos de la vereda de enfrente por copiar lo bueno, la innovacion que vino desde @CCP1912oficial hace que el futbol pyo eleve el nivel. Claramente marcamos tendencia y eso nos dice que estamos en el camino correcto. A seguir laburando #MKTCCP"
2018-06-06T23:33:51.000Z,Dise√±o e Innovaci√≥n en la econom√≠a naranja  (@ Union Industrial Paraguaya in Asuncion) https://swarmapp.com/c/0ogZM5Yrfe8
2018-05-24T23:58:58.000Z,"Las ‚Äú5 i‚Äù p/ el #CrecimientoEcon√≥moco a largo plazo:- Inversiones - Instituciones- Integraci√≥n - Innovaci√≥n - Inclusi√≥n Presentaci√≥n de @cgfernandezv, Presidente del @BCP_PY en el @cgcepy.#BCPEduca #D√≠aDelEconomista"
2018-05-22T23:47:40.000Z,"@UEenParaguay financia el proyecto Innovaci√≥n para el Cambio Clim√°tico, implementado por la fundaci√≥n FES y @Ceamsopy"
2018-05-21T18:06:45.000Z,¬°Gracias @SomosASEPY por compartir el evento #Cerrito2018! Queremos posicionar a Paraguay como referente de innovaci√≥n y tecnolog√≠a en eliminaci√≥n de pobreza  #EndPoverty
2018-05-21T17:45:42.000Z,Muchas gracias a la FCE de la UNA por la invitaci√≥n para compartir esta ma√±ana con la comunidad universitaria para hablar sobre Innovaci√≥n y Emprendimiento en el Paraguay 
2018-05-21T15:48:33.000Z,#Cerrito2018: ¬°M√°s reconocimientos! Esta vez fue declarado de inter√©s Municipal por parte de la Junta Municipal e Intendencia de Benjam√≠n Aceval ¬°Nos sentimos felices por recibir a l√≠deres en innovaci√≥n y tecnolog√≠a para la eliminaci√≥n de pobreza!
2018-05-19T15:04:53.000Z,"""Buscamos que la gente que vaya a #GramoFestFiis encuentre espacios de aprendizaje, diversi√≥n, innovaci√≥n y que pueda participar de estos cambios din√°micos que aportan a la sociedad"" @daggmy de @KogaImpactLab"
2018-04-13T14:32:34.000Z,"Excelente representaci√≥n, cuota Colombiana en el departamento de innovaci√≥n @UNWTO @NataliaBayona @AnatoNacional"
2018-04-13T10:41:11.000Z,I'm at CEFIPP-Centro De Formaci√≥n e Innovaci√≥n en Pol√≠ticas P√∫blicas https://swarmapp.com/c/ejFBvqhIp8P
2018-04-12T21:08:46.000Z,Cerrito 2018 es un encuentro internacional que reunir√° l√≠deres en innovaci√≥n social y tecnolog√≠a a fin de crear soluciones para la eliminaci√≥n de pobreza en sus distintas dimensiones. M√°s informaci√≥n en http://cerrito.com.py #Cerrito2018 #EndPoverty
2018-04-11T15:35:33.000Z,"Aprovecha esta nueva innovaci√≥n genial iniciativa de el Club Olimpia para adquirir tus entradas. En cualquiera de los cajeros de Vision Banco.¬°Compr√°s, Imprim√≠s e Ingres√°s!"
2018-04-07T16:35:43.000Z,"‚Äú La competitividad, la innovaci√≥n, el uso de las herramientas digitales son clave para dise√±ar un turismo hecho por j√≥venes y para los j√≥venes‚Äù dijo la ministra al finalizar su ponencia en el tercer Foro de Turismo Joven con enfoque en la ‚ÄúTransformaci√≥n Digital del Turismo‚Äù."
2018-04-06T20:39:01.000Z,Firmamos convenio con @DTPOperator para implementar el Sem√°foro de Eliminaci√≥n de Pobreza [@PStoplight] con el apoyo de Iniciativa de Innovaci√≥n Social @AgendaCAF que busca mejorar la calidad de vida de todos los colaboradores de la empresa #ParaguaySinPobreza #Sent√≠QueSePuede
2018-03-15T12:36:49.000Z,"Hoy y ma√±ana se realiza @MKTrendsPy, el evento digital m√°s importante del , donde junto a grandes colegas como @santiagolivera y @EliaGuardiola estaremos disertando sobre tendencias e innovaci√≥n  ¬°Alegr√≠a!"
2018-03-05T11:49:02.000Z,#organizacionesexponenciales #innovacion #disrupcion
2018-03-01T19:32:49.000Z,Astillero presenta √∫ltima innovaci√≥n en Drones capaces de inspeccionar tanques en espacios confinados http://paraguayfluvial.com/astillero-presenta-ultima-innovacion-en-drones-capaces-de-inspeccionar-tanques-en-espacios-confinados/‚Ä¶
2018-02-24T13:37:52.000Z,"Reconocemos a la mujer como motor de innovaci√≥n y transformaci√≥n en el pasado, presente y futuro de Paraguay. Las mujeres abriendo nuevos horizontes para el pa√≠s desde siempre ¬°Feliz D√≠a!"
2018-02-23T18:49:45.000Z,Mientras nosotros vivimos en el 2018 este Kepi vive en el 3018 correl√≠. #HAGAMOS es innovaci√≥n!
2018-02-21T19:57:10.000Z,Este es el desaf√≠o de fondo ! Y la raz√≥n por la cual la innovaci√≥n tiene que estar al centro de la agenda de futuro de nuestros pa√≠ses
2018-02-20T22:46:45.000Z,"Hace 1 a√±o y mediante este apoyo, y el enfoque Multidisciplinario HIPEC PY en la vanguardia de la innovaci√≥n terap√©utica."
2018-02-20T12:35:00.000Z,"Tratar de imponerse por el miedo, por el ejercicio de la fuerza, sin propuestas, sin intenciones de cambio y mejora, representa la muestra clara de un modelo que se est√° agotando y que no podr√° sobrevivir ante la innovaci√≥n #uberparaguay"
2018-02-19T13:47:57.000Z,"@LuisBareiro @natycabarcos necesitamos innovaci√≥n urgente, vine a la peluquer√≠a con mis aud√≠fonos y solo escuch√© el final de una de las tantas discusiones interesantes con @enriquevp, el resto publicidad. Me vine a escuchar tanda."
2018-02-21T19:57:10.000Z,Este es el desaf√≠o de fondo ! Y la raz√≥n por la cual la innovaci√≥n tiene que estar al centro de la agenda de futuro de nuestros pa√≠ses
2018-02-20T22:46:45.000Z,"Hace 1 a√±o y mediante este apoyo, y el enfoque Multidisciplinario HIPEC PY en la vanguardia de la innovaci√≥n terap√©utica."
2018-02-20T12:35:00.000Z,"Tratar de imponerse por el miedo, por el ejercicio de la fuerza, sin propuestas, sin intenciones de cambio y mejora, representa la muestra clara de un modelo que se est√° agotando y que no podr√° sobrevivir ante la innovaci√≥n #uberparaguay"
2018-02-19T13:47:57.000Z,"@LuisBareiro @natycabarcos necesitamos innovaci√≥n urgente, vine a la peluquer√≠a con mis aud√≠fonos y solo escuch√© el final de una de las tantas discusiones interesantes con @enriquevp, el resto publicidad. Me vine a escuchar tanda."
2018-02-07T18:53:52.000Z,"Suscribite a nuestro canal de YouTube para ver videos de historias de superaci√≥n de emprendedores, charlas que te inspirar√°n y contenido sobre innovaci√≥n social para eliminar pobreza https://youtube.com/user/fundapar"
2018-02-05T00:18:11.000Z,El co-branding tocando las puertas del Superbowl. Colaboraci√≥n como innovaci√≥n. https://twitter.com/Doritos/status/960304194057129996‚Ä¶
2018-02-01T11:16:18.000Z,Podriamos aplicar la misma tecnica para meterle la innovaci√≥n a algunos.. que cerrada es cierta gente! Su rechazo a lo que desconocen es innato al parecer.
2018-01-30T22:45:13.000Z,"Hoy inscribimos nuestra candidatura al Senado. Queremos ampliar a nivel nacional todo lo que venimos haciendo, transparencia, m√°s tecnolog√≠a, m√°s innovaci√≥n en la gesti√≥n p√∫blica. Muchas gracias a todos los que nos acompa√±an siempre! #HAGAMOSPY"
2018-01-30T16:55:02.000Z,Sorpresa!! Aqu√≠ el ranking de los pa√≠ses que producen la mayor innovaci√≥n:  https://goo.gl/N5SNLk
2018-01-24T01:28:15.000Z,Dirigido a la innovaci√≥n y a los emprendimientos para creaci√≥n de empleos y startups (empresas tecnol√≥gicas con capital de riesgo).http://ultimahora.com/c1129160@SENATICs @Padmepy
2018-01-23T20:05:50.000Z,"Dejate de joder, como el terer√© va a ser una innovacion! Si el terer√© que es una bebida tradicional del Paraguay, siempre se consumi√≥ fr√≠o y, en sus variedades, con yuyos o c√≠tricos como la lima o el lim√≥n. Es mejor informarse bien antes que sacar una exageracion como √©sta"
2018-01-21T22:57:19.000Z,Tierra de innovaci√≥n ‚Äì Por: Benjam√≠n Netanyahu https://israelnoticias.com/benjamin-netanyahu/tierra-innovacion-benjamin-netanyahu‚Ä¶
2018-01-18T18:15:49.000Z,Tambi√©n de innovaci√≥n; de cooperaci√≥n para el fortalecimiento de la  investigaci√≥n cient√≠fica y en materia de becas y la colaboraci√≥n entre  las Agencias Espaciales de ambos pa√≠ses para la utilizaci√≥n del espacio  ultraterrestre con fines pac√≠ficos.
2018-01-18T18:09:51.000Z,@passlinePY es el #uber de las ticketeras.. usenlo. #etickets #innovacion #sinPapel #sinFilas
2018-01-15T09:47:38.000Z,"Ayer me comunique con un copi de Slovakia.. apenas le consulte si conocia @iCodriver ya me dice que si, pero nunca lo prob√≥ porque el es de la ‚Äúvieja escuela‚Äù..  la negacion es la primera respuesta hacia la innovaci√≥n.. (1/4)"
2018-01-10T21:03:56.000Z,Invitan a enviar trabajos de investigaci√≥n en el √°mbito de la econom√≠a de la innovaci√≥n y el emprendimiento para la ‚Äú2¬™ Conferencia de la Red Latinoamericana de Econom√≠a de la Innovaci√≥n y el Emprendimiento‚Äù
2018-01-10T21:01:57.000Z,2¬™ Conferencia de la Red Latinoamericana de Econom√≠a de la Innovaci√≥n y el Emprendimientohttps://iadb.org/es/cienciaytecnologia/Convocatoria_2conferenciaredinnovacion‚Ä¶
2018-01-05T22:40:05.000Z,Israel establece el primer laboratorio de innovaci√≥n para impulsar la tecnolog√≠a para ayudar a los adultos mayores https://israelnoticias.com/tecnologia/israel-establece-el-primer-laboratorio-de-innovacion-para-impulsar-la-tecnologia-para-ayudar-a-los-adultos-mayores‚Ä¶
2018-01-03T20:13:18.000Z,"Realizamos un brindis con las organizaciones que conforman la Red de Empresas del Sem√°foro que aplican el programa ""Empresas sin pobreza"" con apoyo de @adecpy y en alianza con la Iniciativa de Innovaci√≥n Social @AgendaCAF. ¬°Celebramos un a√±o con muchos logros alcanzados!"
